transactionID,customerID,franchiseID,dateTime,product,quantity,unitPrice,totalPrice,paymentMethod,cardNumber
2002961,1000253,3000047,2024-05-14 12:17:01.495952,Golden Gate Ginger,8,3,24,amex,378154478982993
2003007,1000226,3000047,2024-05-10 23:10:10.239954,Austin Almond Biscotti,36,3,108,mastercard,2244626981238094
2003017,1000108,3000047,2024-05-16 16:34:10.613720,Austin Almond Biscotti,40,3,120,mastercard,2490570234487424
2003068,1000173,3000047,2024-05-02 04:31:51.612094,Pearly Pies,28,3,84,amex,343808569426192
2003103,1000075,3000047,2024-05-04 23:44:26.902224,Pearly Pies,28,3,84,visa,4377080942201798
2003147,1000295,3000047,2024-05-15 16:17:06.259450,Austin Almond Biscotti,32,3,96,amex,371093774812677
2003196,1000237,3000047,2024-05-07 11:13:22.469231,Tokyo Tidbits,40,3,120,mastercard,5538807345848392
2003329,1000272,3000047,2024-05-06 03:32:16.017968,Outback Oatmeal,28,3,84,visa,4872480716880043
2001264,1000209,3000047,2024-05-16 17:32:28.547589,Pearly Pies,28,3,84,mastercard,5287105980593305
2001287,1000120,3000047,2024-05-15 08:41:28.406738,Austin Almond Biscotti,40,3,120,amex,376211012259783
2001335,1000246,3000047,2024-05-15 11:23:27.457630,Golden Gate Ginger,36,3,108,visa,4820866586481966
2001363,1000064,3000047,2024-05-06 14:29:05.562854,Golden Gate Ginger,40,3,120,amex,377167597236886
2001425,1000165,3000047,2024-05-08 15:42:59.281835,Pearly Pies,8,3,24,visa,4396976839795585
2001448,1000270,3000047,2024-05-12 19:15:02.549971,Golden Gate Ginger,24,3,72,visa,4194531844898074
2001475,1000082,3000047,2024-05-16 20:42:25.666478,Outback Oatmeal,40,3,120,visa,4958220510666603
2001493,1000270,3000047,2024-05-06 01:28:53.109703,Tokyo Tidbits,24,3,72,visa,4938040664554206
2001544,1000051,3000047,2024-05-01 16:37:38.133347,Pearly Pies,8,3,24,visa,4906017870499754
2001695,1000059,3000047,2024-05-05 10:49:43.520365,Orchard Oasis,36,3,108,visa,4714694106787061
2001700,1000084,3000047,2024-05-10 15:39:48.140887,Pearly Pies,16,3,48,amex,345342709553150
2001739,1000275,3000047,2024-05-11 04:00:52.101643,Orchard Oasis,24,3,72,visa,4400596746879563
2001921,1000075,3000047,2024-05-14 18:24:01.486489,Pearly Pies,40,3,120,visa,4136664097685632
2001926,1000061,3000047,2024-05-06 23:40:21.971478,Austin Almond Biscotti,36,3,108,amex,371936566637829
2001933,1000004,3000047,2024-05-13 14:15:39.212826,Austin Almond Biscotti,16,3,48,amex,373990517874641
2001960,1000031,3000047,2024-05-02 10:17:42.851706,Outback Oatmeal,20,3,60,visa,4119792413963812
2000032,1000020,3000047,2024-05-12 09:28:27.189396,Tokyo Tidbits,12,3,36,visa,4193044984593712
2000110,1000054,3000047,2024-05-10 12:57:32.696532,Austin Almond Biscotti,12,3,36,amex,374210995172460
2000210,1000084,3000047,2024-05-10 18:23:24.732576,Tokyo Tidbits,4,3,12,amex,349858490487874
2000241,1000139,3000047,2024-05-14 11:52:07.945900,Outback Oatmeal,28,3,84,amex,379418080613653
2000243,1000215,3000047,2024-05-15 20:31:43.412135,Outback Oatmeal,32,3,96,amex,345077120760097
2000295,1000174,3000047,2024-05-06 09:10:28.339902,Outback Oatmeal,12,3,36,visa,4751590407568073
2000299,1000080,3000047,2024-05-05 11:32:48.287542,Austin Almond Biscotti,8,3,24,mastercard,2720851852819714
2000359,1000260,3000047,2024-05-01 11:42:42.342993,Golden Gate Ginger,4,3,12,mastercard,2706418358353982
2000364,1000089,3000047,2024-05-06 12:05:06.468622,Pearly Pies,12,3,36,amex,378005039788206
2000387,1000116,3000047,2024-05-06 21:16:51.627303,Golden Gate Ginger,32,3,96,mastercard,2573670294448256
2000850,1000030,3000047,2024-05-03 19:01:55.993839,Golden Gate Ginger,24,3,72,amex,377961718885518
2000864,1000290,3000047,2024-05-06 20:46:49.240916,Golden Gate Ginger,4,3,12,amex,374259822011664
2000868,1000181,3000047,2024-05-07 01:58:53.938739,Pearly Pies,36,3,108,visa,4785313234942308
2000884,1000297,3000047,2024-05-07 05:35:21.903766,Pearly Pies,28,3,84,mastercard,5590593428535404
2000922,1000057,3000047,2024-05-10 02:51:04.764095,Outback Oatmeal,16,3,48,mastercard,2720543524399643
2000987,1000261,3000047,2024-05-05 14:02:28.756667,Golden Gate Ginger,20,3,60,mastercard,5356140205116349
2001000,1000152,3000047,2024-05-02 12:55:43.803037,Orchard Oasis,20,3,60,amex,344476712784922
2001133,1000032,3000047,2024-05-09 12:15:54.222703,Tokyo Tidbits,36,3,108,amex,345684154885292
2001165,1000206,3000047,2024-05-07 13:43:18.143607,Austin Almond Biscotti,24,3,72,mastercard,5436125534828684
2001197,1000264,3000047,2024-05-08 09:54:13.686892,Orchard Oasis,40,3,120,visa,4566822427659581
2002341,1000007,3000047,2024-05-05 02:26:26.055832,Orchard Oasis,40,3,120,mastercard,2706934717277308
2002345,1000179,3000047,2024-05-06 01:21:03.983449,Austin Almond Biscotti,40,3,120,amex,373949519201575
2002387,1000102,3000047,2024-05-07 08:03:34.255580,Tokyo Tidbits,36,3,108,visa,4639641000636292
2002395,1000172,3000047,2024-05-12 04:08:40.286118,Orchard Oasis,40,3,120,amex,371514666820247
2002580,1000029,3000047,2024-05-04 13:04:26.190162,Golden Gate Ginger,36,3,108,amex,348165387579669
2002628,1000243,3000047,2024-05-10 22:59:58.211919,Outback Oatmeal,32,3,96,mastercard,2720365188966917
2002632,1000038,3000047,2024-05-09 04:35:38.161758,Pearly Pies,28,3,84,visa,4980935709447380
2002637,1000160,3000047,2024-05-14 21:20:15.339134,Tokyo Tidbits,4,3,12,amex,348574259308158
2002714,1000104,3000047,2024-05-06 09:02:42.944805,Golden Gate Ginger,36,3,108,visa,4962084078552439
2002760,1000037,3000047,2024-05-03 08:43:18.829460,Orchard Oasis,12,3,36,amex,342156403154187
2002827,1000045,3000047,2024-05-02 15:14:30.165308,Golden Gate Ginger,36,3,108,mastercard,2667732657691521
2002896,1000262,3000047,2024-05-06 12:58:22.588827,Orchard Oasis,20,3,60,mastercard,2272102709189840
2000477,1000230,3000047,2024-05-03 07:25:47.808927,Tokyo Tidbits,8,3,24,amex,348175805856953
2000580,1000172,3000047,2024-05-13 00:56:10.259085,Austin Almond Biscotti,16,3,48,mastercard,2294068662295870
2000615,1000149,3000047,2024-05-02 12:20:22.889383,Tokyo Tidbits,24,3,72,amex,370318833512773
2000818,1000157,3000047,2024-05-03 04:02:23.812602,Golden Gate Ginger,16,3,48,visa,4889028877090216
2003010,1000173,3000046,2024-05-12 19:09:45.421019,Golden Gate Ginger,36,3,108,amex,341952704286715
2003019,1000229,3000046,2024-05-11 23:32:18.601636,Austin Almond Biscotti,42,3,126,amex,344786409529392
2003194,1000073,3000046,2024-05-05 05:10:36.363977,Outback Oatmeal,54,3,162,visa,4013073725476000
2003201,1000211,3000046,2024-05-03 09:08:32.004253,Tokyo Tidbits,30,3,90,visa,4553461083307238
2003222,1000079,3000046,2024-05-08 10:19:49.723256,Outback Oatmeal,36,3,108,amex,344724568401996
2003230,1000248,3000046,2024-05-04 04:37:49.340315,Orchard Oasis,54,3,162,mastercard,2703868922655135
2003290,1000104,3000046,2024-05-14 03:35:16.710060,Pearly Pies,18,3,54,amex,343548993801103
2001320,1000179,3000046,2024-05-10 01:06:30.569705,Austin Almond Biscotti,60,3,180,mastercard,5125775112585498
2001336,1000112,3000046,2024-05-09 21:28:46.099425,Golden Gate Ginger,36,3,108,mastercard,5306039317369435
2001433,1000112,3000046,2024-05-04 11:19:24.671129,Outback Oatmeal,48,3,144,mastercard,2283035585602436
2001476,1000128,3000046,2024-05-15 14:44:01.852067,Orchard Oasis,36,3,108,amex,342415432985908
2001527,1000202,3000046,2024-05-03 09:59:23.537229,Austin Almond Biscotti,54,3,162,visa,4926399592619711
2001618,1000095,3000046,2024-05-07 09:35:12.270107,Austin Almond Biscotti,48,3,144,visa,4460583694299801
2001642,1000176,3000046,2024-05-11 10:55:05.485783,Pearly Pies,42,3,126,amex,345927914081482
2001757,1000074,3000046,2024-05-17 05:05:50.599188,Outback Oatmeal,36,3,108,visa,4116742726867898
2001763,1000293,3000046,2024-05-07 13:24:01.488719,Tokyo Tidbits,18,3,54,amex,342123549511480
2001783,1000111,3000046,2024-05-14 04:06:11.185447,Pearly Pies,60,3,180,visa,4379661743943312
2001883,1000038,3000046,2024-05-16 13:45:08.684007,Pearly Pies,36,3,108,visa,4908041741524804
2001925,1000006,3000046,2024-05-12 09:44:12.815468,Golden Gate Ginger,54,3,162,mastercard,5521203935742741
2002065,1000067,3000046,2024-05-05 04:17:49.162349,Outback Oatmeal,60,3,180,mastercard,2251188877968458
2000028,1000133,3000046,2024-05-06 17:42:50.020609,Golden Gate Ginger,18,3,54,visa,4290040535079484
2000029,1000165,3000046,2024-05-12 02:50:09.345692,Golden Gate Ginger,12,3,36,visa,4219710538265771
2000040,1000251,3000046,2024-05-02 21:05:43.305296,Tokyo Tidbits,12,3,36,amex,345802351615235
2000044,1000289,3000046,2024-05-14 03:41:43.418118,Outback Oatmeal,60,3,180,visa,4923910526358334
2000062,1000169,3000046,2024-05-11 23:51:00.978742,Golden Gate Ginger,12,3,36,amex,375949715977935
2000119,1000248,3000046,2024-05-01 07:41:49.796159,Orchard Oasis,42,3,126,mastercard,2228558772535539
2000157,1000259,3000046,2024-05-13 09:57:22.242553,Austin Almond Biscotti,12,3,36,mastercard,5157831198491894
2000235,1000134,3000046,2024-05-09 21:56:29.873176,Orchard Oasis,60,3,180,amex,349775955871980
2000260,1000040,3000046,2024-05-06 08:16:06.833611,Orchard Oasis,12,3,36,amex,377532474539845
2000307,1000207,3000046,2024-05-12 17:25:06.726442,Golden Gate Ginger,60,3,180,amex,379066090640099
2000347,1000170,3000046,2024-05-16 14:26:06.501644,Golden Gate Ginger,36,3,108,visa,4419111705439463
2000351,1000062,3000046,2024-05-06 18:13:40.110201,Austin Almond Biscotti,24,3,72,mastercard,2278528934370595
2000369,1000150,3000046,2024-05-02 22:44:53.240812,Austin Almond Biscotti,42,3,126,amex,370396184867905
2000399,1000241,3000046,2024-05-06 15:35:30.080184,Outback Oatmeal,18,3,54,amex,349830748290459
2000843,1000023,3000046,2024-05-03 08:21:19.141966,Austin Almond Biscotti,60,3,180,amex,378435482017193
2000854,1000042,3000046,2024-05-06 10:16:21.969541,Golden Gate Ginger,42,3,126,amex,349488310645459
2000860,1000132,3000046,2024-05-07 12:49:37.628546,Outback Oatmeal,18,3,54,mastercard,2245274512671852
2001024,1000237,3000046,2024-05-12 17:45:42.703274,Golden Gate Ginger,54,3,162,amex,345843459777063
2001065,1000055,3000046,2024-05-04 13:50:14.519929,Orchard Oasis,30,3,90,visa,4658334686262262
2001090,1000057,3000046,2024-05-09 15:59:41.881266,Pearly Pies,42,3,126,amex,378681518766432
2001182,1000099,3000046,2024-05-02 15:03:04.494050,Orchard Oasis,36,3,108,mastercard,2291242624923639
2001194,1000229,3000046,2024-05-05 05:54:12.273258,Golden Gate Ginger,42,3,126,amex,342511414755663
2001202,1000275,3000046,2024-05-04 23:22:18.447947,Tokyo Tidbits,24,3,72,amex,375355841861698
2001211,1000243,3000046,2024-05-01 13:46:42.272485,Golden Gate Ginger,36,3,108,amex,378974831741889
2001228,1000112,3000046,2024-05-10 09:51:38.763745,Austin Almond Biscotti,60,3,180,amex,378494831928253
2001229,1000141,3000046,2024-05-12 23:30:04.431453,Orchard Oasis,30,3,90,mastercard,5375874030416022
2002086,1000223,3000046,2024-05-11 07:50:12.321094,Outback Oatmeal,6,3,18,mastercard,2620077119843237
2002260,1000084,3000046,2024-05-01 17:58:38.870656,Outback Oatmeal,24,3,72,visa,4093859072331720
2002320,1000218,3000046,2024-05-14 13:02:39.300945,Pearly Pies,48,3,144,amex,345524221825519
2002337,1000021,3000046,2024-05-01 02:32:45.013813,Austin Almond Biscotti,30,3,90,amex,343545779513050
2002518,1000249,3000046,2024-05-03 23:15:15.040050,Orchard Oasis,60,3,180,mastercard,2221125445129665
2002618,1000267,3000046,2024-05-01 09:29:48.936161,Pearly Pies,6,3,18,amex,374786900521339
2002722,1000219,3000046,2024-05-01 13:32:19.185397,Tokyo Tidbits,54,3,162,mastercard,2577401569666869
2002734,1000285,3000046,2024-05-07 17:48:53.229528,Orchard Oasis,12,3,36,visa,4215005835745656
2002781,1000199,3000046,2024-05-05 03:52:44.264370,Outback Oatmeal,6,3,18,mastercard,2288351224014874
2002852,1000146,3000046,2024-05-05 01:25:05.755192,Orchard Oasis,30,3,90,visa,4556095264742834
2000442,1000118,3000046,2024-05-13 04:25:25.948631,Golden Gate Ginger,12,3,36,visa,4230896816389154
2000461,1000134,3000046,2024-05-02 12:18:54.772739,Orchard Oasis,54,3,162,mastercard,2720429625647546
2000574,1000000,3000046,2024-05-02 08:56:38.464369,Tokyo Tidbits,36,3,108,visa,4125395481126619
2000616,1000205,3000046,2024-05-06 02:24:13.350868,Golden Gate Ginger,24,3,72,visa,4346017052783718
2000716,1000131,3000046,2024-05-13 18:10:45.011309,Pearly Pies,18,3,54,amex,346412685756405
2000765,1000107,3000046,2024-05-12 15:11:06.352975,Tokyo Tidbits,30,3,90,mastercard,2288910134258226
2000768,1000233,3000046,2024-05-01 07:45:54.613015,Austin Almond Biscotti,12,3,36,visa,4889837366983255
2002918,1000066,3000014,2024-05-09 07:34:29.756334,Golden Gate Ginger,1,3,3,mastercard,2662172855432474
2002972,1000073,3000014,2024-05-05 07:47:37.069390,Tokyo Tidbits,1,3,3,mastercard,2299022983474859
2002989,1000059,3000014,2024-05-13 09:06:07.464342,Golden Gate Ginger,1,3,3,amex,348322972857550
2003064,1000208,3000014,2024-05-05 21:30:24.097575,Pearly Pies,1,3,3,mastercard,2438051989472114
2003113,1000186,3000014,2024-05-15 05:14:33.713954,Outback Oatmeal,1,3,3,mastercard,2640923489914262
2003131,1000142,3000014,2024-05-04 16:19:32.775792,Austin Almond Biscotti,1,3,3,visa,4672830672567772
2003151,1000260,3000014,2024-05-10 10:24:56.855519,Outback Oatmeal,1,3,3,mastercard,5177762742702070
2003225,1000105,3000014,2024-05-03 22:39:02.421176,Tokyo Tidbits,1,3,3,mastercard,2224751615852997
2003236,1000234,3000014,2024-05-16 21:56:11.134624,Orchard Oasis,1,3,3,amex,348910581883148
2003244,1000112,3000014,2024-05-01 05:22:16.193397,Pearly Pies,1,3,3,amex,345299353548607
2003262,1000056,3000014,2024-05-08 03:25:14.903094,Golden Gate Ginger,1,3,3,mastercard,2410368218446046
2003296,1000121,3000014,2024-05-01 16:31:52.062057,Outback Oatmeal,1,3,3,mastercard,2460046289832406
2001308,1000132,3000014,2024-05-09 21:32:05.558969,Golden Gate Ginger,1,3,3,amex,373295816553148
2001430,1000285,3000014,2024-05-07 16:03:52.953637,Golden Gate Ginger,1,3,3,visa,4861243333419642
2001465,1000159,3000014,2024-05-10 02:37:30.333411,Orchard Oasis,1,3,3,amex,378514774307239
2001503,1000249,3000014,2024-05-07 00:48:24.055893,Tokyo Tidbits,1,3,3,mastercard,2231964971497288
2001573,1000277,3000014,2024-05-14 16:25:18.974968,Austin Almond Biscotti,1,3,3,mastercard,5348936749520016
2001582,1000039,3000014,2024-05-15 21:18:56.512058,Outback Oatmeal,1,3,3,visa,4111694598303590
2001612,1000084,3000014,2024-05-15 12:52:13.077379,Golden Gate Ginger,1,3,3,amex,349521558463233
2001689,1000092,3000014,2024-05-02 04:31:30.485425,Outback Oatmeal,1,3,3,visa,4620306463426505
2001852,1000029,3000014,2024-05-16 22:19:10.840690,Orchard Oasis,1,3,3,amex,345594946821390
2001856,1000044,3000014,2024-05-13 04:53:37.609466,Orchard Oasis,1,3,3,mastercard,2445182900052379
2001892,1000124,3000014,2024-05-08 18:36:25.356207,Tokyo Tidbits,1,3,3,mastercard,2451267835047437
2001937,1000103,3000014,2024-05-01 01:54:46.267689,Austin Almond Biscotti,1,3,3,mastercard,2249596087438390
2001974,1000145,3000014,2024-05-14 00:14:07.963933,Pearly Pies,1,3,3,visa,4902809012099938
2001987,1000131,3000014,2024-05-04 21:48:01.949287,Pearly Pies,1,3,3,amex,345764336480715
2001988,1000115,3000014,2024-05-09 02:55:59.490049,Austin Almond Biscotti,1,3,3,visa,4551699708358159
2002006,1000005,3000014,2024-05-06 09:44:57.451574,Tokyo Tidbits,1,3,3,amex,343162796847345
2002013,1000000,3000014,2024-05-08 22:43:59.766321,Tokyo Tidbits,1,3,3,mastercard,2277290657144035
2000046,1000189,3000014,2024-05-02 18:21:10.337369,Golden Gate Ginger,1,3,3,visa,4854500160375208
2000089,1000065,3000014,2024-05-08 05:44:56.619018,Pearly Pies,1,3,3,mastercard,2445384113545757
2000163,1000057,3000014,2024-05-13 19:55:55.178448,Orchard Oasis,1,3,3,visa,4178861729069131
2000365,1000218,3000014,2024-05-17 00:22:18.637505,Austin Almond Biscotti,1,3,3,visa,4771588358718404
2000390,1000086,3000014,2024-05-17 00:46:22.431475,Outback Oatmeal,1,3,3,mastercard,2247475141258064
2000401,1000166,3000014,2024-05-16 18:00:12.916005,Golden Gate Ginger,1,3,3,amex,344509196367804
2000885,1000100,3000014,2024-05-03 23:16:50.592166,Pearly Pies,1,3,3,mastercard,2714336718302053
2000972,1000055,3000014,2024-05-12 05:18:02.470517,Tokyo Tidbits,1,3,3,visa,4812272579929733
2000999,1000091,3000014,2024-05-02 17:31:40.578965,Orchard Oasis,1,3,3,amex,378107992604519
2001005,1000025,3000014,2024-05-06 10:17:15.398921,Orchard Oasis,1,3,3,mastercard,2314133951044169
2001081,1000150,3000014,2024-05-09 21:04:48.902707,Outback Oatmeal,1,3,3,amex,373924324317825
2001094,1000185,3000014,2024-05-06 00:05:48.623244,Outback Oatmeal,1,3,3,visa,4270966302172488
2001109,1000074,3000014,2024-05-02 01:04:18.038360,Golden Gate Ginger,1,3,3,visa,4562479878380409
2001126,1000219,3000014,2024-05-08 16:46:43.091958,Tokyo Tidbits,1,3,3,amex,342923180526758
2001148,1000052,3000014,2024-05-05 23:39:28.390802,Golden Gate Ginger,1,3,3,amex,370753993632807
2001213,1000244,3000014,2024-05-11 20:10:05.208274,Outback Oatmeal,1,3,3,visa,4849865677555990
2001245,1000008,3000014,2024-05-16 12:08:39.935798,Outback Oatmeal,1,3,3,amex,370035045764857
2002254,1000206,3000014,2024-05-11 21:30:17.803943,Tokyo Tidbits,1,3,3,amex,341271419099937
2002369,1000293,3000014,2024-05-02 11:52:59.556461,Pearly Pies,1,3,3,amex,373479933586716
2002377,1000230,3000014,2024-05-08 06:10:15.255836,Pearly Pies,1,3,3,mastercard,2243714290521300
2002463,1000067,3000014,2024-05-03 10:07:28.588301,Austin Almond Biscotti,1,3,3,visa,4747082556725537
2002475,1000087,3000014,2024-05-01 03:39:25.226239,Outback Oatmeal,1,3,3,mastercard,5413877984675836
2002487,1000008,3000014,2024-05-17 05:11:34.488575,Pearly Pies,1,3,3,mastercard,5502703839264489
2002511,1000052,3000014,2024-05-09 07:31:37.529539,Outback Oatmeal,1,3,3,amex,347403186499099
2002522,1000181,3000014,2024-05-14 17:12:20.387735,Pearly Pies,1,3,3,mastercard,2518594618466737
2002525,1000019,3000014,2024-05-06 16:41:40.718429,Austin Almond Biscotti,1,3,3,mastercard,2251435975240110
2002645,1000018,3000014,2024-05-03 19:00:03.598069,Tokyo Tidbits,1,3,3,visa,4996450118956619
2002646,1000188,3000014,2024-05-14 18:34:19.497648,Austin Almond Biscotti,1,3,3,visa,4525239111849370
2002688,1000016,3000014,2024-05-14 05:27:04.393174,Pearly Pies,1,3,3,amex,347641723035567
2002732,1000080,3000014,2024-05-13 11:24:35.419123,Pearly Pies,1,3,3,amex,341577839239220
2002761,1000225,3000014,2024-05-02 16:54:44.478197,Outback Oatmeal,1,3,3,visa,4882574739609468
2002886,1000004,3000014,2024-05-10 16:02:56.655458,Pearly Pies,1,3,3,amex,343772669886525
2000426,1000274,3000014,2024-05-08 07:17:10.213152,Outback Oatmeal,1,3,3,amex,376499410947683
2000449,1000085,3000014,2024-05-08 07:36:57.399524,Orchard Oasis,1,3,3,visa,4060035398025002
2000506,1000146,3000014,2024-05-13 15:21:11.164863,Outback Oatmeal,1,3,3,mastercard,2682824781644327
2000513,1000267,3000014,2024-05-04 20:54:29.724014,Tokyo Tidbits,1,3,3,mastercard,2258273765637861
2000548,1000003,3000014,2024-05-17 10:55:23.547635,Orchard Oasis,1,3,3,mastercard,2651409739436807
2000584,1000265,3000014,2024-05-12 18:06:41.977441,Outback Oatmeal,1,3,3,amex,374871713363614
2000591,1000126,3000014,2024-05-11 16:37:10.502079,Orchard Oasis,1,3,3,mastercard,2263262881563716
2000608,1000064,3000014,2024-05-09 17:25:29.200776,Pearly Pies,1,3,3,visa,4653012283447057
2000699,1000020,3000014,2024-05-11 20:37:34.063007,Austin Almond Biscotti,1,3,3,visa,4760943054618296
2000723,1000211,3000014,2024-05-03 19:16:07.610412,Tokyo Tidbits,1,3,3,mastercard,2284176831135232
2000780,1000070,3000014,2024-05-13 00:56:24.864813,Golden Gate Ginger,1,3,3,mastercard,2700226958713455
2000805,1000050,3000014,2024-05-05 15:19:12.748060,Golden Gate Ginger,1,3,3,amex,346071294442177
2000808,1000021,3000014,2024-05-04 06:29:32.441045,Golden Gate Ginger,1,3,3,amex,349293294507786
2000810,1000021,3000014,2024-05-08 00:51:11.985065,Golden Gate Ginger,1,3,3,mastercard,2720090193471279
2002932,1000187,3000020,2024-05-09 11:44:16.687399,Tokyo Tidbits,1,3,3,mastercard,5257915888161252
2002948,1000213,3000020,2024-05-16 00:22:26.081843,Outback Oatmeal,1,3,3,mastercard,2251267009475911
2002994,1000173,3000020,2024-05-17 09:39:06.651609,Tokyo Tidbits,1,3,3,mastercard,2287757604753967
2003034,1000187,3000020,2024-05-12 00:59:55.035227,Pearly Pies,1,3,3,visa,4580427535235282
2003047,1000202,3000020,2024-05-15 09:14:52.703839,Austin Almond Biscotti,1,3,3,visa,4646609556079390
2003276,1000263,3000020,2024-05-01 09:11:26.684871,Outback Oatmeal,1,3,3,mastercard,2668485495877088
2001281,1000226,3000020,2024-05-04 22:01:29.977619,Tokyo Tidbits,1,3,3,visa,4101280664978838
2001371,1000221,3000020,2024-05-10 14:54:02.647469,Austin Almond Biscotti,1,3,3,amex,340529711946175
2001431,1000229,3000020,2024-05-13 10:05:39.979179,Tokyo Tidbits,1,3,3,visa,4623023182316191
2001613,1000249,3000020,2024-05-01 09:56:58.430797,Orchard Oasis,1,3,3,mastercard,2283255533057315
2001635,1000255,3000020,2024-05-06 14:39:51.182376,Tokyo Tidbits,1,3,3,amex,375154353397567
2001673,1000250,3000020,2024-05-03 12:24:06.230052,Outback Oatmeal,1,3,3,visa,4572810740422797
2001718,1000124,3000020,2024-05-16 10:23:27.582801,Golden Gate Ginger,1,3,3,amex,343531514009612
2001806,1000113,3000020,2024-05-05 00:49:13.543976,Orchard Oasis,1,3,3,mastercard,5424117956892490
2002012,1000200,3000020,2024-05-14 03:45:50.060584,Tokyo Tidbits,1,3,3,amex,370859885584897
2002017,1000128,3000020,2024-05-06 02:05:15.031497,Pearly Pies,1,3,3,amex,379270160136463
2002069,1000286,3000020,2024-05-14 00:23:40.739890,Tokyo Tidbits,1,3,3,amex,344575200166953
2002075,1000216,3000020,2024-05-17 00:48:05.390013,Orchard Oasis,1,3,3,mastercard,2296257482112666
2000033,1000247,3000020,2024-05-05 15:48:11.904920,Outback Oatmeal,1,3,3,mastercard,2232512972940704
2000076,1000084,3000020,2024-05-05 00:23:01.313693,Outback Oatmeal,1,3,3,mastercard,5218380428371440
2000101,1000189,3000020,2024-05-04 20:12:53.183964,Austin Almond Biscotti,1,3,3,amex,376090616942469
2000118,1000144,3000020,2024-05-10 11:14:00.531243,Orchard Oasis,1,3,3,mastercard,2275497581328905
2000173,1000025,3000020,2024-05-17 10:43:05.688745,Austin Almond Biscotti,1,3,3,visa,4516748847945352
2000209,1000177,3000020,2024-05-03 13:59:18.042515,Golden Gate Ginger,1,3,3,mastercard,2655624262941587
2000224,1000109,3000020,2024-05-09 03:49:57.326638,Golden Gate Ginger,1,3,3,amex,372815362627250
2000233,1000174,3000020,2024-05-06 06:14:11.981065,Golden Gate Ginger,1,3,3,mastercard,2224280917511747
2000385,1000229,3000020,2024-05-03 03:21:39.211354,Tokyo Tidbits,1,3,3,amex,372495048263521
2000839,1000094,3000020,2024-05-01 15:19:52.321388,Orchard Oasis,1,3,3,mastercard,2257397419075599
2000852,1000137,3000020,2024-05-08 09:03:14.906665,Tokyo Tidbits,1,3,3,mastercard,2286246223027194
2000899,1000283,3000020,2024-05-17 09:42:46.391548,Tokyo Tidbits,1,3,3,amex,349656025939595
2000976,1000076,3000020,2024-05-02 19:41:05.022692,Outback Oatmeal,1,3,3,amex,376070543989189
2001061,1000076,3000020,2024-05-03 00:30:02.758011,Outback Oatmeal,1,3,3,amex,347825768514889
2001079,1000029,3000020,2024-05-10 20:30:42.788905,Tokyo Tidbits,1,3,3,amex,377791044266517
2001220,1000269,3000020,2024-05-08 16:18:35.407584,Pearly Pies,1,3,3,amex,376533779574280
2001240,1000298,3000020,2024-05-14 08:25:43.155875,Tokyo Tidbits,1,3,3,visa,4954043655720462
2002152,1000199,3000020,2024-05-01 06:12:03.447809,Austin Almond Biscotti,1,3,3,visa,4813099728706269
2002181,1000256,3000020,2024-05-08 02:49:29.739843,Golden Gate Ginger,1,3,3,amex,376607291474904
2002187,1000147,3000020,2024-05-13 15:14:45.346027,Orchard Oasis,1,3,3,amex,342063802434840
2002228,1000253,3000020,2024-05-05 10:13:00.341786,Pearly Pies,1,3,3,visa,4566814252799376
2002241,1000121,3000020,2024-05-04 14:48:53.915835,Austin Almond Biscotti,1,3,3,visa,4156408609000343
2002247,1000035,3000020,2024-05-13 03:00:26.401284,Pearly Pies,1,3,3,amex,374704557032039
2002348,1000002,3000020,2024-05-14 13:17:30.623636,Outback Oatmeal,1,3,3,amex,377144871679503
2002374,1000292,3000020,2024-05-03 03:08:11.446591,Pearly Pies,1,3,3,mastercard,2720873187258715
2002381,1000011,3000020,2024-05-14 19:14:51.320614,Orchard Oasis,1,3,3,mastercard,2234099308354840
2002397,1000021,3000020,2024-05-14 11:39:18.253234,Golden Gate Ginger,1,3,3,mastercard,2708039691611593
2002442,1000279,3000020,2024-05-10 16:54:58.620978,Orchard Oasis,1,3,3,visa,4709066902636387
2002448,1000144,3000020,2024-05-15 17:32:10.014110,Tokyo Tidbits,1,3,3,amex,341975514775569
2002468,1000220,3000020,2024-05-06 08:16:19.620146,Golden Gate Ginger,1,3,3,visa,4460634850483026
2002552,1000170,3000020,2024-05-11 17:03:30.222817,Orchard Oasis,1,3,3,mastercard,5289099745346232
2002695,1000271,3000020,2024-05-09 20:11:50.782253,Golden Gate Ginger,1,3,3,visa,4295246553918348
2002716,1000196,3000020,2024-05-04 23:41:51.460252,Golden Gate Ginger,1,3,3,amex,375618494172758
2002787,1000275,3000020,2024-05-07 14:14:21.725729,Orchard Oasis,1,3,3,amex,370812949551873
2000430,1000098,3000020,2024-05-13 07:17:42.593512,Orchard Oasis,1,3,3,mastercard,2298056879045515
2000471,1000019,3000020,2024-05-09 17:11:26.576904,Pearly Pies,1,3,3,visa,4159299444572449
2000474,1000126,3000020,2024-05-08 21:39:46.393012,Pearly Pies,1,3,3,visa,4423535376012072
2000651,1000066,3000020,2024-05-16 09:27:53.425647,Austin Almond Biscotti,1,3,3,visa,4146549913220292
2000719,1000102,3000020,2024-05-06 20:52:12.290479,Outback Oatmeal,1,3,3,visa,4451164310855234
2000782,1000129,3000020,2024-05-10 11:13:47.760722,Austin Almond Biscotti,1,3,3,mastercard,2225090444953620
2000786,1000035,3000020,2024-05-16 08:54:41.134732,Outback Oatmeal,1,3,3,amex,373580588472894
2002928,1000248,3000039,2024-05-17 11:25:27.750688,Orchard Oasis,1,3,3,visa,4760749322976824
2003118,1000151,3000039,2024-05-04 06:37:06.582489,Outback Oatmeal,1,3,3,visa,4417960024574661
2003202,1000098,3000039,2024-05-09 13:54:40.448339,Outback Oatmeal,1,3,3,mastercard,2247813557672883
2003251,1000109,3000039,2024-05-13 08:11:05.895858,Golden Gate Ginger,1,3,3,amex,345788905368274
2003305,1000090,3000039,2024-05-14 10:10:45.436814,Pearly Pies,1,3,3,mastercard,2720795007586613
2001261,1000188,3000039,2024-05-13 19:16:19.934497,Tokyo Tidbits,1,3,3,visa,4811432178876591
2001318,1000160,3000039,2024-05-02 20:56:01.167170,Golden Gate Ginger,1,3,3,amex,370086210211869
2001399,1000178,3000039,2024-05-17 01:00:14.256891,Golden Gate Ginger,1,3,3,visa,4223503125885919
2001487,1000047,3000039,2024-05-17 08:45:15.643330,Outback Oatmeal,1,3,3,visa,4469609075292007
2001588,1000009,3000039,2024-05-17 08:48:21.874469,Outback Oatmeal,1,3,3,mastercard,5281298629503219
2001628,1000199,3000039,2024-05-04 17:40:37.454027,Outback Oatmeal,1,3,3,visa,4876994539835360
2001650,1000128,3000039,2024-05-03 14:27:27.653053,Orchard Oasis,1,3,3,visa,4405345108691033
2001666,1000229,3000039,2024-05-17 08:59:33.526783,Outback Oatmeal,1,3,3,mastercard,2228071528916771
2001710,1000253,3000039,2024-05-14 09:42:15.740502,Golden Gate Ginger,1,3,3,mastercard,5349101250409658
2001750,1000114,3000039,2024-05-17 10:14:10.123372,Pearly Pies,1,3,3,visa,4561832910352441
2001850,1000041,3000039,2024-05-06 19:00:36.137017,Tokyo Tidbits,1,3,3,amex,373578091658975
2001956,1000052,3000039,2024-05-08 05:10:37.719648,Tokyo Tidbits,1,3,3,amex,378139226692606
2001980,1000039,3000039,2024-05-16 13:51:37.493741,Outback Oatmeal,1,3,3,amex,340289148473729
2002035,1000157,3000039,2024-05-11 18:16:08.017193,Austin Almond Biscotti,1,3,3,visa,4317576521299353
2002044,1000061,3000039,2024-05-12 01:04:41.102838,Tokyo Tidbits,1,3,3,amex,371385817019496
2002066,1000021,3000039,2024-05-02 21:39:00.166795,Tokyo Tidbits,1,3,3,amex,378015804108340
2002072,1000297,3000039,2024-05-04 14:09:28.850549,Pearly Pies,1,3,3,amex,375931957637542
2000010,1000258,3000039,2024-05-14 08:41:50.016115,Outback Oatmeal,1,3,3,visa,4588919242475971
2000139,1000246,3000039,2024-05-08 08:49:08.598062,Outback Oatmeal,1,3,3,amex,378235615169824
2000162,1000216,3000039,2024-05-13 01:58:04.995918,Tokyo Tidbits,1,3,3,mastercard,2720329686932045
2000196,1000109,3000039,2024-05-10 05:13:13.568532,Tokyo Tidbits,1,3,3,amex,344651262601177
2000206,1000046,3000039,2024-05-11 16:57:02.536381,Golden Gate Ginger,1,3,3,visa,4602852840572620
2000244,1000246,3000039,2024-05-10 23:51:42.887872,Golden Gate Ginger,1,3,3,mastercard,5120774477952877
2000317,1000194,3000039,2024-05-15 04:26:48.607362,Pearly Pies,1,3,3,visa,4526558864014612
2000331,1000058,3000039,2024-05-15 22:04:32.969308,Orchard Oasis,1,3,3,amex,345519923700762
2000361,1000052,3000039,2024-05-13 07:11:31.734904,Austin Almond Biscotti,1,3,3,visa,4398674750593000
2000402,1000076,3000039,2024-05-10 08:08:47.210880,Golden Gate Ginger,1,3,3,visa,4201348986995779
2000841,1000219,3000039,2024-05-11 02:12:09.625340,Orchard Oasis,1,3,3,mastercard,2290273166419984
2000853,1000047,3000039,2024-05-09 15:31:33.703110,Orchard Oasis,1,3,3,amex,379333640014559
2000883,1000169,3000039,2024-05-01 00:16:39.171817,Outback Oatmeal,1,3,3,visa,4635281063029483
2000939,1000212,3000039,2024-05-10 05:41:29.526394,Orchard Oasis,1,3,3,visa,4118636477890919
2000980,1000109,3000039,2024-05-12 10:02:03.819762,Outback Oatmeal,1,3,3,amex,376416797893793
2000993,1000066,3000039,2024-05-14 04:51:08.380739,Golden Gate Ginger,1,3,3,visa,4134383307311663
2001048,1000094,3000039,2024-05-17 04:57:02.781006,Austin Almond Biscotti,1,3,3,amex,340844124016692
2001110,1000091,3000039,2024-05-04 06:49:56.879950,Pearly Pies,1,3,3,mastercard,2720974354855646
2001117,1000186,3000039,2024-05-05 19:40:19.861717,Outback Oatmeal,1,3,3,visa,4542684229084213
2001193,1000094,3000039,2024-05-03 04:35:44.344652,Orchard Oasis,1,3,3,visa,4720597621376611
2002133,1000173,3000039,2024-05-07 11:35:47.135736,Tokyo Tidbits,1,3,3,amex,348138978617925
2002184,1000197,3000039,2024-05-01 05:02:29.198659,Orchard Oasis,1,3,3,mastercard,2234979207339846
2002225,1000216,3000039,2024-05-16 15:19:21.748002,Tokyo Tidbits,1,3,3,amex,345289061719210
2002251,1000138,3000039,2024-05-15 11:01:34.534131,Tokyo Tidbits,1,3,3,amex,373635393191186
2002380,1000211,3000039,2024-05-03 03:59:59.738932,Pearly Pies,1,3,3,visa,4966744066043016
2002399,1000133,3000039,2024-05-16 17:12:24.248669,Pearly Pies,1,3,3,amex,346881236377137
2002418,1000269,3000039,2024-05-09 05:02:41.054259,Outback Oatmeal,1,3,3,mastercard,5150871867801269
2002447,1000280,3000039,2024-05-04 14:52:49.473287,Outback Oatmeal,1,3,3,visa,4376798396076389
2002506,1000224,3000039,2024-05-11 11:04:38.303176,Austin Almond Biscotti,1,3,3,amex,348070656886169
2002560,1000056,3000039,2024-05-06 21:43:15.231635,Orchard Oasis,1,3,3,mastercard,2285408598420831
2002610,1000061,3000039,2024-05-02 14:45:08.961695,Outback Oatmeal,1,3,3,visa,4746000439508699
2002740,1000163,3000039,2024-05-15 10:13:43.187418,Golden Gate Ginger,1,3,3,mastercard,2378213446588369
2002767,1000070,3000039,2024-05-14 12:28:07.643858,Austin Almond Biscotti,1,3,3,mastercard,2597981580442693
2002898,1000020,3000039,2024-05-16 08:58:37.344098,Tokyo Tidbits,1,3,3,mastercard,2234142262648292
2000498,1000187,3000039,2024-05-12 03:14:11.525376,Outback Oatmeal,1,3,3,visa,4570938652516983
2000507,1000076,3000039,2024-05-09 13:03:06.252707,Pearly Pies,1,3,3,visa,4992974217979754
2000510,1000151,3000039,2024-05-16 08:17:36.912521,Outback Oatmeal,1,3,3,amex,372653040694768
2000528,1000083,3000039,2024-05-15 05:46:52.880137,Orchard Oasis,1,3,3,mastercard,2223613697504022
2000607,1000290,3000039,2024-05-17 01:44:31.115786,Pearly Pies,1,3,3,amex,378735178292392
2000705,1000142,3000039,2024-05-11 09:57:44.000234,Golden Gate Ginger,1,3,3,visa,4547828000260204
2000710,1000248,3000039,2024-05-15 23:29:00.123042,Tokyo Tidbits,1,3,3,mastercard,5426386816285942
2000751,1000080,3000039,2024-05-15 20:44:54.389775,Pearly Pies,1,3,3,mastercard,5456325478662496
2000811,1000143,3000039,2024-05-07 09:00:28.050323,Tokyo Tidbits,1,3,3,amex,373578812949745
2002976,1000173,3000021,2024-05-16 11:09:07.989540,Austin Almond Biscotti,6,3,18,mastercard,2256464750055597
2003008,1000089,3000021,2024-05-09 23:44:56.694280,Tokyo Tidbits,8,3,24,mastercard,2321325559842751
2003011,1000173,3000021,2024-05-05 12:47:57.814519,Tokyo Tidbits,20,3,60,amex,376564255786130
2003070,1000169,3000021,2024-05-10 02:12:49.723491,Austin Almond Biscotti,18,3,54,amex,375111221804539
2003092,1000252,3000021,2024-05-07 00:23:51.698544,Outback Oatmeal,8,3,24,amex,348922359140676
2003129,1000263,3000021,2024-05-12 18:50:46.535128,Austin Almond Biscotti,18,3,54,visa,4620522677410099
2003138,1000293,3000021,2024-05-01 05:57:23.219080,Austin Almond Biscotti,8,3,24,amex,343404699461026
2003146,1000022,3000021,2024-05-09 00:07:18.283136,Outback Oatmeal,20,3,60,visa,4947139988198523
2003198,1000262,3000021,2024-05-13 21:17:00.457621,Tokyo Tidbits,14,3,42,amex,377624611298664
2003303,1000233,3000021,2024-05-04 23:36:35.370955,Austin Almond Biscotti,18,3,54,mastercard,2717013130508057
2001272,1000077,3000021,2024-05-02 20:29:15.822349,Austin Almond Biscotti,16,3,48,amex,347869973414618
2001322,1000118,3000021,2024-05-16 02:43:17.285187,Pearly Pies,10,3,30,mastercard,2232877465037312
2001392,1000075,3000021,2024-05-14 07:48:26.265496,Pearly Pies,14,3,42,visa,4260710166208943
2001429,1000051,3000021,2024-05-05 19:57:04.275073,Tokyo Tidbits,14,3,42,visa,4917887775845708
2001469,1000057,3000021,2024-05-10 01:32:36.395771,Pearly Pies,18,3,54,visa,4552666432478982
2001548,1000250,3000021,2024-05-17 09:53:50.400997,Tokyo Tidbits,18,3,54,amex,343923111970140
2001558,1000132,3000021,2024-05-15 21:11:11.131948,Austin Almond Biscotti,16,3,48,amex,373312659644700
2001579,1000066,3000021,2024-05-14 15:24:11.274417,Golden Gate Ginger,12,3,36,visa,4724045251182152
2001702,1000236,3000021,2024-05-04 03:54:56.384592,Outback Oatmeal,12,3,36,mastercard,2292571894942872
2001707,1000069,3000021,2024-05-07 10:22:51.032389,Outback Oatmeal,12,3,36,amex,379419175600399
2001720,1000294,3000021,2024-05-04 01:12:17.639883,Austin Almond Biscotti,14,3,42,visa,4091265650210959
2001764,1000007,3000021,2024-05-12 04:55:50.181971,Tokyo Tidbits,18,3,54,mastercard,2720435868727820
2001832,1000159,3000021,2024-05-01 16:27:16.434943,Pearly Pies,16,3,48,visa,4973785125046814
2001904,1000001,3000021,2024-05-16 11:27:15.640253,Outback Oatmeal,14,3,42,visa,4074940734993587
2001998,1000131,3000021,2024-05-14 22:05:02.574032,Austin Almond Biscotti,2,3,6,mastercard,2294299094328753
2000067,1000141,3000021,2024-05-01 00:28:26.675566,Orchard Oasis,16,3,48,visa,4464698114623087
2000083,1000230,3000021,2024-05-09 04:18:18.435543,Tokyo Tidbits,14,3,42,visa,4333818107775194
2000170,1000156,3000021,2024-05-07 03:42:34.238680,Tokyo Tidbits,18,3,54,visa,4161333579801004
2000214,1000214,3000021,2024-05-16 19:49:58.963124,Orchard Oasis,16,3,48,amex,373114400691430
2000286,1000162,3000021,2024-05-07 02:21:57.735493,Orchard Oasis,2,3,6,mastercard,2224154885280694
2000371,1000284,3000021,2024-05-01 20:56:50.862544,Orchard Oasis,20,3,60,mastercard,2552742162997998
2000415,1000212,3000021,2024-05-13 09:47:45.096154,Outback Oatmeal,16,3,48,amex,372412504390136
2000847,1000252,3000021,2024-05-03 12:02:49.444785,Outback Oatmeal,12,3,36,mastercard,2370152196666421
2000894,1000295,3000021,2024-05-14 10:01:29.562114,Austin Almond Biscotti,4,3,12,mastercard,2282464302939833
2000961,1000183,3000021,2024-05-09 02:09:45.314821,Tokyo Tidbits,14,3,42,visa,4437930419102549
2000963,1000139,3000021,2024-05-13 14:25:14.780744,Austin Almond Biscotti,16,3,48,visa,4746136309223090
2001018,1000106,3000021,2024-05-07 13:02:37.138412,Outback Oatmeal,12,3,36,mastercard,2293196070842560
2001023,1000164,3000021,2024-05-04 20:19:12.442869,Outback Oatmeal,6,3,18,amex,379840676537675
2001060,1000209,3000021,2024-05-14 14:52:03.636519,Orchard Oasis,16,3,48,visa,4888944094760806
2001125,1000247,3000021,2024-05-01 08:05:52.432336,Golden Gate Ginger,20,3,60,mastercard,2259155494991538
2001158,1000242,3000021,2024-05-13 09:36:12.765244,Tokyo Tidbits,4,3,12,mastercard,5365414516437978
2001174,1000066,3000021,2024-05-06 13:16:53.392895,Pearly Pies,14,3,42,amex,346554989958227
2002172,1000208,3000021,2024-05-08 10:55:16.125955,Outback Oatmeal,18,3,54,mastercard,2648489267440757
2002186,1000162,3000021,2024-05-06 06:08:04.022880,Pearly Pies,18,3,54,mastercard,2720942289138255
2002221,1000067,3000021,2024-05-12 13:58:57.301292,Pearly Pies,16,3,48,mastercard,2226481233880141
2002263,1000186,3000021,2024-05-11 12:57:47.183038,Orchard Oasis,20,3,60,amex,374236805496039
2002267,1000142,3000021,2024-05-07 12:05:08.606097,Austin Almond Biscotti,8,3,24,mastercard,5295969717531940
2002289,1000030,3000021,2024-05-01 10:56:18.216222,Pearly Pies,10,3,30,mastercard,2239716708084033
2002316,1000294,3000021,2024-05-14 08:28:31.693161,Tokyo Tidbits,10,3,30,amex,374303816036699
2002457,1000201,3000021,2024-05-11 05:28:46.331086,Outback Oatmeal,18,3,54,mastercard,2719564938664896
2002461,1000296,3000021,2024-05-08 14:10:01.008897,Tokyo Tidbits,12,3,36,amex,379538559430006
2002466,1000056,3000021,2024-05-09 05:54:39.580173,Tokyo Tidbits,2,3,6,mastercard,2590418693212033
2002777,1000210,3000021,2024-05-11 10:46:25.718673,Tokyo Tidbits,4,3,12,amex,375742470871371
2002792,1000178,3000021,2024-05-07 01:30:16.443712,Pearly Pies,14,3,42,mastercard,5124507138855139
2002837,1000095,3000021,2024-05-10 00:10:26.265134,Tokyo Tidbits,14,3,42,mastercard,2538851274873283
2002840,1000033,3000021,2024-05-17 11:21:41.883890,Golden Gate Ginger,18,3,54,visa,4247769516167942
2002843,1000299,3000021,2024-05-10 02:44:21.575531,Golden Gate Ginger,12,3,36,mastercard,2282536099509620
2002850,1000212,3000021,2024-05-01 13:34:37.198702,Pearly Pies,6,3,18,amex,341748509245462
2000417,1000008,3000021,2024-05-16 17:19:52.515819,Orchard Oasis,4,3,12,amex,372510416515060
2000420,1000092,3000021,2024-05-02 23:25:10.035597,Tokyo Tidbits,16,3,48,mastercard,5466693862097977
2000636,1000063,3000021,2024-05-16 04:43:49.686704,Orchard Oasis,12,3,36,amex,346451425368030
2000729,1000173,3000021,2024-05-03 15:29:43.919998,Tokyo Tidbits,10,3,30,amex,346364184373853
2000730,1000010,3000021,2024-05-07 02:34:19.280247,Tokyo Tidbits,16,3,48,visa,4938747150373939
2000764,1000111,3000021,2024-05-01 15:30:35.379209,Tokyo Tidbits,16,3,48,visa,4918322465690684
2002919,1000043,3000002,2024-05-04 09:39:00.162332,Orchard Oasis,4,3,12,mastercard,5154050703379048
2002933,1000291,3000002,2024-05-11 18:30:12.746602,Tokyo Tidbits,16,3,48,visa,4465156763639317
2002999,1000231,3000002,2024-05-11 06:17:21.129682,Orchard Oasis,2,3,6,amex,378777256381283
2003172,1000167,3000002,2024-05-15 08:44:29.202137,Outback Oatmeal,14,3,42,visa,4207693691096452
2003217,1000098,3000002,2024-05-11 20:05:39.684235,Outback Oatmeal,4,3,12,mastercard,2298865226672056
2003231,1000019,3000002,2024-05-03 00:40:26.035319,Tokyo Tidbits,16,3,48,visa,4238441713592659
2001285,1000044,3000002,2024-05-05 16:42:12.577445,Golden Gate Ginger,16,3,48,amex,374505650801042
2001295,1000161,3000002,2024-05-11 08:21:32.715690,Golden Gate Ginger,16,3,48,mastercard,2637655572135240
2001421,1000004,3000002,2024-05-01 16:31:37.803459,Pearly Pies,16,3,48,visa,4148990404589126
2001453,1000146,3000002,2024-05-02 14:14:17.690858,Golden Gate Ginger,10,3,30,mastercard,2499852066770239
2001466,1000136,3000002,2024-05-14 05:51:50.691162,Austin Almond Biscotti,16,3,48,mastercard,2278314833931385
2001468,1000120,3000002,2024-05-02 08:00:12.029531,Tokyo Tidbits,2,3,6,mastercard,2239738988592097
2001554,1000274,3000002,2024-05-17 04:47:03.338616,Tokyo Tidbits,10,3,30,visa,4429589505627809
2001596,1000136,3000002,2024-05-12 21:27:54.007937,Outback Oatmeal,14,3,42,amex,377390535708531
2001652,1000054,3000002,2024-05-09 16:27:53.034503,Austin Almond Biscotti,20,3,60,visa,4859400064015783
2001685,1000206,3000002,2024-05-10 12:13:09.484674,Tokyo Tidbits,8,3,24,amex,376770181872296
2001711,1000129,3000002,2024-05-16 10:08:36.787079,Austin Almond Biscotti,12,3,36,visa,4546420494761664
2001737,1000030,3000002,2024-05-06 12:08:53.256387,Tokyo Tidbits,2,3,6,visa,4415612920079392
2001774,1000137,3000002,2024-05-07 14:50:06.722433,Tokyo Tidbits,16,3,48,mastercard,2227429142849110
2001803,1000034,3000002,2024-05-13 11:07:58.062965,Golden Gate Ginger,6,3,18,mastercard,2391622285930305
2001846,1000127,3000002,2024-05-13 21:25:13.294780,Orchard Oasis,14,3,42,visa,4518307130990837
2001884,1000275,3000002,2024-05-04 14:44:03.520095,Orchard Oasis,4,3,12,visa,4631004979235810
2001887,1000203,3000002,2024-05-14 10:52:50.056565,Outback Oatmeal,12,3,36,mastercard,2248548690348384
2001969,1000247,3000002,2024-05-15 15:19:19.800404,Pearly Pies,18,3,54,mastercard,2241930487065073
2002054,1000026,3000002,2024-05-17 04:38:19.665440,Austin Almond Biscotti,16,3,48,amex,344301659921453
2002058,1000228,3000002,2024-05-12 23:20:13.194425,Austin Almond Biscotti,6,3,18,amex,376683088582712
2000030,1000271,3000002,2024-05-13 05:39:59.716129,Pearly Pies,14,3,42,amex,343134400216068
2000059,1000205,3000002,2024-05-10 08:32:12.646928,Orchard Oasis,4,3,12,amex,341857674240586
2000060,1000027,3000002,2024-05-01 05:23:32.357591,Outback Oatmeal,10,3,30,mastercard,2440517540754741
2000187,1000158,3000002,2024-05-07 16:53:19.166335,Austin Almond Biscotti,20,3,60,amex,344225307518785
2000208,1000162,3000002,2024-05-14 11:50:44.957011,Golden Gate Ginger,14,3,42,amex,372024767632698
2000272,1000197,3000002,2024-05-14 08:28:25.360873,Orchard Oasis,2,3,6,visa,4097144497544694
2000273,1000007,3000002,2024-05-12 18:39:27.073269,Pearly Pies,10,3,30,visa,4885964310328470
2000294,1000295,3000002,2024-05-14 16:48:32.060961,Pearly Pies,12,3,36,mastercard,2330891419496160
2000320,1000152,3000002,2024-05-02 09:34:57.144380,Outback Oatmeal,12,3,36,visa,4426094572968452
2000343,1000223,3000002,2024-05-12 11:42:56.597180,Golden Gate Ginger,4,3,12,mastercard,2267407068878082
2000384,1000270,3000002,2024-05-12 19:41:48.476860,Outback Oatmeal,6,3,18,amex,375681657684316
2000395,1000117,3000002,2024-05-08 03:25:52.158763,Austin Almond Biscotti,4,3,12,mastercard,2230607087484317
2000411,1000290,3000002,2024-05-15 20:13:16.056136,Tokyo Tidbits,20,3,60,visa,4470723515697258
2000891,1000201,3000002,2024-05-13 19:54:16.251289,Orchard Oasis,16,3,48,visa,4085175075517276
2000901,1000194,3000002,2024-05-06 01:09:44.928486,Outback Oatmeal,4,3,12,mastercard,2719952273971093
2000911,1000129,3000002,2024-05-10 19:18:03.857219,Austin Almond Biscotti,8,3,24,mastercard,2720067326832833
2001047,1000092,3000002,2024-05-01 22:22:37.483594,Outback Oatmeal,10,3,30,visa,4077423534873686
2001088,1000182,3000002,2024-05-10 21:10:04.770142,Outback Oatmeal,2,3,6,visa,4955344433470118
2001224,1000028,3000002,2024-05-08 17:48:50.990085,Golden Gate Ginger,10,3,30,visa,4126078707393721
2001246,1000142,3000002,2024-05-10 10:53:42.689634,Tokyo Tidbits,20,3,60,mastercard,5224992391913990
2002084,1000195,3000002,2024-05-16 12:36:59.930723,Outback Oatmeal,10,3,30,mastercard,2278825933375280
2002090,1000136,3000002,2024-05-13 00:33:22.484830,Tokyo Tidbits,14,3,42,visa,4224564433757264
2002178,1000193,3000002,2024-05-04 23:27:44.296895,Orchard Oasis,12,3,36,mastercard,2245628860241909
2002179,1000268,3000002,2024-05-14 15:57:34.310514,Austin Almond Biscotti,12,3,36,mastercard,2280187953159011
2002188,1000298,3000002,2024-05-07 01:41:59.817966,Orchard Oasis,18,3,54,mastercard,5533705408040649
2002265,1000297,3000002,2024-05-04 14:30:12.471466,Orchard Oasis,12,3,36,amex,376579286574131
2002280,1000205,3000002,2024-05-15 21:18:55.268793,Pearly Pies,14,3,42,mastercard,5102579971123277
2002319,1000228,3000002,2024-05-17 01:25:47.180574,Austin Almond Biscotti,4,3,12,visa,4873103708896194
2002344,1000145,3000002,2024-05-02 06:44:46.551133,Orchard Oasis,16,3,48,visa,4852115924472852
2002360,1000291,3000002,2024-05-10 18:43:18.657782,Golden Gate Ginger,20,3,60,mastercard,2719401825042318
2002425,1000277,3000002,2024-05-01 17:56:19.327209,Golden Gate Ginger,6,3,18,visa,4764963660981371
2002481,1000083,3000002,2024-05-09 12:45:11.336037,Austin Almond Biscotti,16,3,48,amex,371139705564836
2002510,1000216,3000002,2024-05-10 23:31:46.291982,Tokyo Tidbits,14,3,42,visa,4225037541105287
2002538,1000095,3000002,2024-05-08 22:47:43.817780,Outback Oatmeal,4,3,12,amex,371928050146730
2002548,1000178,3000002,2024-05-11 04:06:17.079700,Pearly Pies,12,3,36,visa,4520438839207193
2002590,1000060,3000002,2024-05-08 11:37:20.011020,Golden Gate Ginger,2,3,6,visa,4583755198699221
2002591,1000101,3000002,2024-05-08 17:37:40.334697,Golden Gate Ginger,8,3,24,mastercard,2257410463686326
2002597,1000018,3000002,2024-05-04 02:29:19.727942,Pearly Pies,6,3,18,amex,376842708733861
2002621,1000273,3000002,2024-05-09 01:12:45.516601,Austin Almond Biscotti,18,3,54,mastercard,2228403336009582
2002647,1000033,3000002,2024-05-08 11:19:25.730968,Austin Almond Biscotti,10,3,30,visa,4223983603037342
2002659,1000133,3000002,2024-05-06 17:30:10.827484,Orchard Oasis,6,3,18,visa,4105076701634210
2002709,1000071,3000002,2024-05-02 02:07:23.125794,Tokyo Tidbits,4,3,12,amex,344580240512240
2002737,1000263,3000002,2024-05-16 04:37:58.595618,Austin Almond Biscotti,12,3,36,visa,4558907349580278
2002793,1000177,3000002,2024-05-17 01:41:50.048544,Outback Oatmeal,12,3,36,mastercard,5486475588232799
2002823,1000235,3000002,2024-05-10 20:44:49.264231,Austin Almond Biscotti,12,3,36,mastercard,2716433859326864
2002860,1000254,3000002,2024-05-15 03:37:16.317656,Orchard Oasis,20,3,60,mastercard,5380414529204697
2002870,1000195,3000002,2024-05-01 07:37:15.783638,Tokyo Tidbits,16,3,48,amex,379696461454702
2002908,1000065,3000002,2024-05-11 15:42:10.119493,Outback Oatmeal,8,3,24,amex,372246102613774
2000524,1000122,3000002,2024-05-04 21:51:32.636386,Tokyo Tidbits,20,3,60,amex,345473608619493
2000815,1000185,3000002,2024-05-16 19:31:38.672055,Golden Gate Ginger,4,3,12,amex,347654553440203
2002917,1000076,3000000,2024-05-08 17:05:25.266378,Austin Almond Biscotti,6,3,18,visa,4876919202074088
2002956,1000010,3000000,2024-05-13 03:30:38.365735,Outback Oatmeal,14,3,42,mastercard,5360494918428358
2002968,1000181,3000000,2024-05-05 13:12:23.495918,Tokyo Tidbits,4,3,12,amex,345238187283734
2002979,1000271,3000000,2024-05-06 06:03:00.175840,Tokyo Tidbits,6,3,18,mastercard,2278641632795409
2003009,1000194,3000000,2024-05-09 22:11:28.218001,Austin Almond Biscotti,16,3,48,amex,349121508929191
2003012,1000186,3000000,2024-05-02 21:04:19.595115,Tokyo Tidbits,10,3,30,mastercard,2311860853221122
2003026,1000076,3000000,2024-05-05 21:22:13.451612,Golden Gate Ginger,16,3,48,mastercard,2720155012307911
2003079,1000082,3000000,2024-05-03 15:16:10.035168,Outback Oatmeal,14,3,42,mastercard,5420059615311674
2003109,1000231,3000000,2024-05-15 21:30:07.436520,Outback Oatmeal,2,3,6,mastercard,2535457232143729
2003184,1000197,3000000,2024-05-02 04:48:06.344348,Golden Gate Ginger,16,3,48,visa,4745952846461618
2003199,1000078,3000000,2024-05-13 07:28:46.910879,Austin Almond Biscotti,16,3,48,mastercard,2286451558196123
2003264,1000099,3000000,2024-05-13 04:01:52.577661,Pearly Pies,6,3,18,visa,4320805371832905
2003266,1000227,3000000,2024-05-11 20:00:30.841341,Tokyo Tidbits,2,3,6,amex,344383027918684
2003269,1000263,3000000,2024-05-10 23:53:19.941158,Golden Gate Ginger,10,3,30,visa,4973745637572582
2003278,1000064,3000000,2024-05-16 15:41:51.942122,Tokyo Tidbits,16,3,48,amex,345962495006012
2001289,1000022,3000000,2024-05-13 06:31:39.278913,Pearly Pies,16,3,48,visa,4735154028947256
2001310,1000132,3000000,2024-05-09 20:11:16.998557,Tokyo Tidbits,10,3,30,visa,4532332010947378
2001390,1000050,3000000,2024-05-08 20:03:17.117520,Golden Gate Ginger,18,3,54,visa,4750362921450340
2001521,1000006,3000000,2024-05-03 10:25:34.672126,Tokyo Tidbits,20,3,60,mastercard,2258372562812451
2001580,1000298,3000000,2024-05-17 07:36:31.729964,Outback Oatmeal,16,3,48,amex,371800695414841
2001615,1000254,3000000,2024-05-12 00:14:21.405051,Golden Gate Ginger,20,3,60,amex,373387151178647
2001622,1000225,3000000,2024-05-06 23:37:43.522525,Austin Almond Biscotti,10,3,30,mastercard,5256392784798226
2001625,1000122,3000000,2024-05-05 00:39:16.271679,Outback Oatmeal,16,3,48,mastercard,2260607232244692
2001645,1000206,3000000,2024-05-03 04:22:07.508494,Golden Gate Ginger,20,3,60,mastercard,2719058054203746
2001663,1000157,3000000,2024-05-13 20:09:15.500179,Tokyo Tidbits,6,3,18,amex,375326815625971
2001668,1000041,3000000,2024-05-17 04:41:43.472834,Tokyo Tidbits,4,3,12,visa,4251664326076008
2001714,1000089,3000000,2024-05-09 22:58:43.217906,Outback Oatmeal,20,3,60,amex,348689316140020
2001715,1000178,3000000,2024-05-03 12:42:06.034546,Outback Oatmeal,12,3,36,visa,4652275213666044
2001780,1000092,3000000,2024-05-13 22:28:34.500380,Austin Almond Biscotti,14,3,42,amex,346122143620511
2001838,1000240,3000000,2024-05-15 10:24:00.584008,Austin Almond Biscotti,20,3,60,amex,379208966371280
2001886,1000086,3000000,2024-05-04 16:00:12.810222,Tokyo Tidbits,6,3,18,visa,4292016528953206
2001929,1000267,3000000,2024-05-08 13:01:24.468539,Orchard Oasis,6,3,18,visa,4639859908374598
2001959,1000266,3000000,2024-05-13 21:04:33.765517,Pearly Pies,6,3,18,amex,372401497187757
2001964,1000168,3000000,2024-05-08 12:29:17.496314,Outback Oatmeal,14,3,42,amex,340818366575904
2001989,1000005,3000000,2024-05-07 03:54:21.822784,Outback Oatmeal,4,3,12,mastercard,5574244608074190
2002034,1000039,3000000,2024-05-09 07:36:56.134414,Pearly Pies,10,3,30,visa,4969291100725056
2000070,1000052,3000000,2024-05-02 16:01:30.511539,Orchard Oasis,2,3,6,visa,4647197895414816
2000195,1000220,3000000,2024-05-04 00:10:31.003324,Orchard Oasis,10,3,30,mastercard,2234204767926613
2000218,1000251,3000000,2024-05-08 00:33:16.314498,Pearly Pies,18,3,54,visa,4028466492664159
2000225,1000298,3000000,2024-05-14 19:57:08.750173,Tokyo Tidbits,14,3,42,amex,375969524500215
2000234,1000082,3000000,2024-05-12 04:53:14.711008,Tokyo Tidbits,16,3,48,mastercard,2476110888299458
2000262,1000185,3000000,2024-05-12 22:00:22.943992,Austin Almond Biscotti,6,3,18,amex,370585167292731
2000297,1000010,3000000,2024-05-12 15:35:19.171231,Golden Gate Ginger,10,3,30,mastercard,2673343755153943
2000306,1000078,3000000,2024-05-13 14:07:39.643444,Golden Gate Ginger,2,3,6,mastercard,2245485253965317
2000858,1000061,3000000,2024-05-03 02:01:16.473492,Orchard Oasis,8,3,24,mastercard,2501279538386467
2000866,1000118,3000000,2024-05-06 21:31:19.383698,Golden Gate Ginger,6,3,18,amex,342589716626246
2000905,1000097,3000000,2024-05-11 23:00:32.267968,Pearly Pies,20,3,60,amex,341263476671765
2000917,1000185,3000000,2024-05-12 02:45:48.415096,Orchard Oasis,8,3,24,mastercard,2268576179460102
2001037,1000071,3000000,2024-05-16 04:25:54.687225,Orchard Oasis,2,3,6,mastercard,5433462989057672
2001055,1000012,3000000,2024-05-05 02:23:52.306938,Outback Oatmeal,20,3,60,visa,4546405738957707
2001131,1000075,3000000,2024-05-07 17:33:43.503627,Pearly Pies,6,3,18,visa,4800770009783343
2001144,1000156,3000000,2024-05-03 02:49:30.523775,Austin Almond Biscotti,2,3,6,visa,4731377129174215
2001207,1000254,3000000,2024-05-02 22:06:51.482907,Austin Almond Biscotti,8,3,24,amex,342464783972065
2001226,1000137,3000000,2024-05-13 12:37:01.485161,Outback Oatmeal,2,3,6,amex,341373590274238
2002156,1000123,3000000,2024-05-09 15:00:16.943952,Pearly Pies,16,3,48,mastercard,5528189459589597
2002165,1000164,3000000,2024-05-02 05:34:33.793926,Golden Gate Ginger,16,3,48,visa,4483693484339502
2002168,1000139,3000000,2024-05-08 04:45:00.994922,Pearly Pies,14,3,42,mastercard,2603768562094911
2002191,1000171,3000000,2024-05-13 06:30:51.831598,Tokyo Tidbits,20,3,60,mastercard,2443060431495329
2002220,1000189,3000000,2024-05-16 02:54:13.482539,Outback Oatmeal,18,3,54,mastercard,2255908713807420
2002239,1000023,3000000,2024-05-12 22:11:19.141542,Golden Gate Ginger,2,3,6,visa,4601515795454315
2002277,1000210,3000000,2024-05-06 03:49:11.752558,Tokyo Tidbits,14,3,42,mastercard,2615500739068585
2002298,1000175,3000000,2024-05-03 18:56:27.936994,Tokyo Tidbits,18,3,54,mastercard,2650676458046923
2002332,1000106,3000000,2024-05-05 22:07:21.150344,Pearly Pies,2,3,6,mastercard,2251602466633844
2002367,1000282,3000000,2024-05-09 01:52:43.510399,Austin Almond Biscotti,20,3,60,visa,4834856939861158
2002385,1000128,3000000,2024-05-01 06:36:27.556131,Austin Almond Biscotti,4,3,12,visa,4799357140104457
2002423,1000181,3000000,2024-05-09 08:05:59.172763,Outback Oatmeal,14,3,42,mastercard,2295795729471032
2002444,1000254,3000000,2024-05-12 16:24:33.388266,Tokyo Tidbits,8,3,24,visa,4720945526604381
2002485,1000293,3000000,2024-05-07 09:31:32.611128,Austin Almond Biscotti,8,3,24,visa,4955646890165134
2002577,1000273,3000000,2024-05-10 08:43:46.715272,Golden Gate Ginger,10,3,30,visa,4506019121035472
2002608,1000129,3000000,2024-05-01 06:46:45.040181,Outback Oatmeal,4,3,12,amex,372991955108808
2002623,1000002,3000000,2024-05-12 21:04:28.679354,Outback Oatmeal,6,3,18,amex,379918504978079
2002711,1000198,3000000,2024-05-04 05:53:12.508353,Pearly Pies,16,3,48,visa,4561419055260603
2002753,1000005,3000000,2024-05-10 23:27:06.188405,Golden Gate Ginger,6,3,18,mastercard,2238816158354893
2002775,1000202,3000000,2024-05-05 14:36:34.393676,Pearly Pies,10,3,30,visa,4900748156172022
2002805,1000214,3000000,2024-05-05 05:20:30.675303,Golden Gate Ginger,16,3,48,visa,4478908818610874
2002828,1000155,3000000,2024-05-10 05:02:24.639548,Pearly Pies,16,3,48,amex,348407658657422
2002865,1000285,3000000,2024-05-07 23:44:47.307122,Pearly Pies,20,3,60,visa,4645500835895386
2000493,1000066,3000000,2024-05-13 05:03:37.058803,Tokyo Tidbits,12,3,36,mastercard,2253157209525987
2000544,1000035,3000000,2024-05-17 08:29:53.940295,Orchard Oasis,16,3,48,amex,371951974137155
2000561,1000076,3000000,2024-05-08 16:38:14.664884,Austin Almond Biscotti,12,3,36,visa,4091444320098496
2000619,1000158,3000000,2024-05-12 03:19:36.457280,Outback Oatmeal,8,3,24,amex,349668167326929
2000664,1000209,3000000,2024-05-02 11:48:05.728917,Golden Gate Ginger,16,3,48,visa,4553903707558886
2000677,1000040,3000000,2024-05-11 17:10:38.085797,Outback Oatmeal,6,3,18,amex,342386177957354
2002912,1000265,3000006,2024-05-05 07:46:23.580742,Outback Oatmeal,8,3,24,visa,4542149163997341
2002913,1000274,3000029,2024-05-06 17:50:09.052323,Tokyo Tidbits,7,3,21,mastercard,2273668763294634
2002914,1000099,3000045,2024-05-09 06:50:15.482389,Outback Oatmeal,4,3,12,amex,370460135537080
2002915,1000222,3000040,2024-05-15 08:04:45.169535,Tokyo Tidbits,7,3,21,visa,4105384543982676
2002916,1000079,3000009,2024-05-07 02:42:36.959088,Pearly Pies,1,3,3,amex,345346279298690
2002920,1000119,3000033,2024-05-07 09:08:29.107613,Pearly Pies,10,3,30,visa,4512140833802082
2002921,1000290,3000018,2024-05-17 11:25:14.175109,Orchard Oasis,2,3,6,amex,348756175614583
2002922,1000076,3000045,2024-05-05 02:50:42.364854,Orchard Oasis,7,3,21,visa,4267157378320194
2002923,1000187,3000015,2024-05-09 10:38:04.691397,Golden Gate Ginger,3,3,9,amex,349099563161126
2002924,1000172,3000036,2024-05-09 06:25:28.488493,Golden Gate Ginger,9,3,27,amex,376965090316217
2002925,1000017,3000035,2024-05-14 19:35:11.481023,Orchard Oasis,1,3,3,mastercard,5341884688074057
2002926,1000145,3000045,2024-05-16 19:35:23.132508,Austin Almond Biscotti,1,3,3,visa,4158399182259695
2002927,1000090,3000006,2024-05-10 10:27:45.570674,Tokyo Tidbits,2,3,6,amex,374949606883086
2002929,1000092,3000004,2024-05-03 14:47:06.984133,Outback Oatmeal,8,3,24,mastercard,2298416858066314
2002930,1000074,3000044,2024-05-15 06:34:59.987271,Outback Oatmeal,2,3,6,visa,4717370168872300
2002931,1000067,3000030,2024-05-12 04:38:13.143107,Orchard Oasis,5,3,15,mastercard,5192560127413334
2002934,1000080,3000045,2024-05-09 12:14:47.084274,Austin Almond Biscotti,8,3,24,amex,347845533680344
2002935,1000232,3000037,2024-05-12 09:29:54.103429,Austin Almond Biscotti,8,3,24,mastercard,2228252321133760
2002936,1000011,3000008,2024-05-14 12:24:49.621919,Outback Oatmeal,3,3,9,visa,4936762577620756
2002937,1000265,3000007,2024-05-07 20:12:34.721277,Austin Almond Biscotti,2,3,6,amex,343580108364115
2002938,1000118,3000036,2024-05-06 19:48:14.607720,Pearly Pies,7,3,21,visa,4776998397408906
2002939,1000035,3000045,2024-05-04 10:46:20.580715,Pearly Pies,5,3,15,visa,4998217770332290
2002940,1000281,3000006,2024-05-16 04:54:35.775954,Tokyo Tidbits,7,3,21,amex,378367567538217
2002941,1000248,3000009,2024-05-09 09:03:17.529205,Orchard Oasis,9,3,27,visa,4616061562410407
2002942,1000217,3000006,2024-05-01 08:30:53.239235,Golden Gate Ginger,4,3,12,visa,4707853061052700
2002943,1000130,3000044,2024-05-11 23:23:04.085346,Pearly Pies,4,3,12,mastercard,2250040410067127
2002944,1000062,3000011,2024-05-09 04:54:23.333639,Orchard Oasis,9,3,27,amex,377068674616216
2002945,1000115,3000008,2024-05-01 08:11:52.178236,Outback Oatmeal,9,3,27,mastercard,2252837921208944
2002946,1000245,3000009,2024-05-04 22:21:13.190321,Austin Almond Biscotti,9,3,27,visa,4649113513765800
2002947,1000207,3000019,2024-05-13 01:17:43.987231,Golden Gate Ginger,5,3,15,mastercard,2450735460127576
2002949,1000118,3000012,2024-05-01 19:06:30.114248,Orchard Oasis,9,3,27,visa,4218702308762831
2002950,1000121,3000023,2024-05-05 20:51:34.063026,Tokyo Tidbits,4,3,12,amex,379283084623771
2002951,1000072,3000033,2024-05-08 22:12:33.980724,Tokyo Tidbits,1,3,3,visa,4517133419504961
2002952,1000022,3000025,2024-05-05 06:08:02.766334,Outback Oatmeal,10,3,30,amex,371848515100546
2002953,1000001,3000010,2024-05-07 11:58:30.272761,Austin Almond Biscotti,3,3,9,mastercard,5471356015492205
2002954,1000288,3000001,2024-05-04 02:10:22.205381,Pearly Pies,6,3,18,amex,349691054560392
2002955,1000136,3000032,2024-05-09 07:11:28.757007,Austin Almond Biscotti,8,3,24,mastercard,2296032002003046
2002957,1000019,3000015,2024-05-13 12:30:46.627253,Tokyo Tidbits,7,3,21,mastercard,2298584338277932
2002958,1000285,3000032,2024-05-14 14:56:59.499648,Austin Almond Biscotti,8,3,24,mastercard,2636411426753478
2002959,1000019,3000031,2024-05-05 21:32:20.980783,Austin Almond Biscotti,2,3,6,visa,4839874694229706
2002960,1000070,3000009,2024-05-06 22:50:08.061331,Golden Gate Ginger,9,3,27,amex,346311071117703
2002962,1000202,3000007,2024-05-02 21:43:01.337961,Orchard Oasis,8,3,24,visa,4815886862545166
2002963,1000033,3000042,2024-05-03 03:44:04.853463,Austin Almond Biscotti,2,3,6,visa,4122575745227419
2002964,1000187,3000036,2024-05-10 05:49:58.538656,Austin Almond Biscotti,9,3,27,visa,4182264272215819
2002965,1000228,3000003,2024-05-12 20:39:13.242263,Orchard Oasis,2,3,6,mastercard,5507278743485608
2002966,1000263,3000027,2024-05-11 06:07:19.940728,Outback Oatmeal,6,3,18,amex,374132838463056
2002967,1000027,3000033,2024-05-10 17:09:57.932196,Pearly Pies,2,3,6,amex,347726165286313
2002969,1000230,3000042,2024-05-08 04:52:14.662277,Golden Gate Ginger,1,3,3,visa,4037684783584709
2002970,1000130,3000040,2024-05-13 21:14:23.001499,Pearly Pies,9,3,27,visa,4764444156906438
2002971,1000211,3000017,2024-05-10 08:02:38.674038,Golden Gate Ginger,7,3,21,mastercard,2231544508487570
2002973,1000157,3000022,2024-05-13 04:23:32.740488,Tokyo Tidbits,6,3,18,visa,4325903746125538
2002974,1000021,3000012,2024-05-08 00:50:05.596824,Orchard Oasis,10,3,30,visa,4300893364240470
2002975,1000188,3000016,2024-05-03 22:58:23.507994,Orchard Oasis,8,3,24,mastercard,2543025856268385
2002977,1000019,3000029,2024-05-05 23:54:01.638541,Golden Gate Ginger,5,3,15,mastercard,2719512376004711
2002978,1000043,3000041,2024-05-02 14:35:05.230849,Golden Gate Ginger,4,3,12,visa,4541911730103757
2002980,1000258,3000032,2024-05-07 03:24:40.894001,Orchard Oasis,3,3,9,mastercard,2267510620795585
2002981,1000206,3000010,2024-05-05 06:57:07.900744,Outback Oatmeal,5,3,15,mastercard,2720550619609927
2002982,1000237,3000007,2024-05-16 00:53:18.799088,Pearly Pies,5,3,15,mastercard,2708129579446673
2002983,1000234,3000045,2024-05-13 07:32:27.119565,Pearly Pies,8,3,24,visa,4253406443762419
2002984,1000201,3000026,2024-05-15 19:35:22.287201,Pearly Pies,2,3,6,mastercard,5505758509227759
2002985,1000014,3000040,2024-05-08 22:44:17.569398,Austin Almond Biscotti,2,3,6,visa,4039242224467287
2002986,1000163,3000004,2024-05-13 02:11:43.275368,Outback Oatmeal,7,3,21,amex,341523687685668
2002987,1000093,3000033,2024-05-06 05:01:28.491556,Austin Almond Biscotti,6,3,18,visa,4195673612785593
2002988,1000262,3000038,2024-05-06 18:11:22.397943,Tokyo Tidbits,4,3,12,mastercard,2249887559901407
2002990,1000128,3000035,2024-05-13 06:57:16.963181,Pearly Pies,3,3,9,mastercard,2251551138665173
2002991,1000183,3000011,2024-05-11 01:47:03.821219,Pearly Pies,6,3,18,mastercard,2221495289421043
2002992,1000253,3000032,2024-05-13 02:09:14.631610,Outback Oatmeal,4,3,12,mastercard,5486085375716811
2002993,1000244,3000037,2024-05-04 02:43:14.084834,Golden Gate Ginger,2,3,6,visa,4584705285241352
2002995,1000166,3000012,2024-05-17 05:15:31.251327,Tokyo Tidbits,7,3,21,mastercard,5326060190442137
2002996,1000203,3000036,2024-05-09 02:20:21.081159,Pearly Pies,9,3,27,mastercard,2232750766001628
2002997,1000160,3000022,2024-05-13 08:42:16.258337,Pearly Pies,5,3,15,amex,340806965874935
2002998,1000043,3000028,2024-05-02 12:06:48.704974,Austin Almond Biscotti,4,3,12,amex,375630263698319
2003000,1000256,3000033,2024-05-14 20:23:44.498080,Pearly Pies,3,3,9,amex,376481000341048
2003001,1000158,3000003,2024-05-15 22:48:29.750988,Orchard Oasis,6,3,18,mastercard,2242710146413628
2003002,1000168,3000030,2024-05-16 14:55:09.603753,Outback Oatmeal,2,3,6,visa,4110222388201906
2003003,1000106,3000035,2024-05-06 09:46:36.707447,Austin Almond Biscotti,9,3,27,amex,370022889507600
2003004,1000261,3000027,2024-05-10 14:52:00.785268,Golden Gate Ginger,4,3,12,amex,374839259754694
2003005,1000107,3000033,2024-05-15 16:52:12.463062,Tokyo Tidbits,9,3,27,visa,4487722735852553
2003006,1000125,3000004,2024-05-13 04:28:50.662111,Orchard Oasis,2,3,6,mastercard,2231495140990150
2003013,1000283,3000005,2024-05-06 08:00:01.378526,Austin Almond Biscotti,7,3,21,mastercard,2707427835702298
2003014,1000191,3000037,2024-05-06 21:49:30.044608,Austin Almond Biscotti,8,3,24,visa,4887959940821355
2003015,1000172,3000033,2024-05-11 04:14:23.247876,Tokyo Tidbits,8,3,24,visa,4228081889367973
2003016,1000273,3000009,2024-05-03 18:05:16.980926,Tokyo Tidbits,5,3,15,amex,376652894547193
2003018,1000017,3000029,2024-05-03 17:50:33.006421,Pearly Pies,8,3,24,mastercard,2250904385558578
2003020,1000006,3000030,2024-05-10 20:22:00.293024,Golden Gate Ginger,10,3,30,visa,4879624038938301
2003021,1000192,3000003,2024-05-08 02:15:07.807487,Tokyo Tidbits,2,3,6,visa,4596067095289162
2003022,1000039,3000007,2024-05-02 09:17:02.962433,Tokyo Tidbits,4,3,12,amex,349772978110017
2003023,1000006,3000011,2024-05-01 02:44:02.272296,Tokyo Tidbits,1,3,3,amex,347373035203663
2003024,1000106,3000028,2024-05-06 07:25:26.464180,Pearly Pies,5,3,15,mastercard,2228386025648937
2003025,1000262,3000011,2024-05-13 11:16:05.339868,Pearly Pies,7,3,21,visa,4361144096711354
2003027,1000143,3000038,2024-05-06 11:54:38.231208,Outback Oatmeal,1,3,3,amex,374118996579239
2003028,1000272,3000029,2024-05-08 08:52:05.344195,Pearly Pies,10,3,30,amex,345567274437344
2003029,1000109,3000030,2024-05-14 06:24:50.252459,Pearly Pies,9,3,27,mastercard,2579024034095130
2003030,1000022,3000001,2024-05-12 20:15:28.815931,Tokyo Tidbits,7,3,21,mastercard,2241694667672161
2003031,1000240,3000018,2024-05-03 00:53:11.272585,Pearly Pies,3,3,9,amex,346710705207063
2003032,1000170,3000045,2024-05-17 06:41:28.003343,Outback Oatmeal,6,3,18,mastercard,2711868328203290
2003033,1000217,3000022,2024-05-12 16:27:55.082560,Pearly Pies,7,3,21,mastercard,2245328800063923
2003035,1000229,3000043,2024-05-07 06:55:54.993448,Outback Oatmeal,6,3,18,amex,378939543184066
2003036,1000208,3000015,2024-05-06 18:01:17.811199,Austin Almond Biscotti,8,3,24,visa,4833764562879813
2003037,1000213,3000040,2024-05-11 09:50:01.832147,Golden Gate Ginger,8,3,24,visa,4496406447297856
2003038,1000053,3000010,2024-05-09 00:11:46.330989,Tokyo Tidbits,4,3,12,mastercard,5394147194111060
2003039,1000099,3000035,2024-05-09 02:32:03.920639,Golden Gate Ginger,5,3,15,visa,4406620246345927
2003040,1000106,3000018,2024-05-14 11:45:59.331477,Tokyo Tidbits,6,3,18,visa,4715861995708966
2003041,1000024,3000018,2024-05-09 06:53:28.570467,Outback Oatmeal,2,3,6,mastercard,5575633124764996
2003042,1000014,3000009,2024-05-06 18:41:54.945723,Orchard Oasis,3,3,9,mastercard,2245518266329343
2003043,1000000,3000034,2024-05-15 16:40:28.203432,Outback Oatmeal,2,3,6,amex,378913249450915
2003044,1000287,3000017,2024-05-01 14:07:12.923806,Pearly Pies,4,3,12,amex,345001116781404
2003045,1000006,3000018,2024-05-14 05:39:18.988343,Outback Oatmeal,2,3,6,mastercard,2720225556406328
2003046,1000139,3000032,2024-05-02 05:58:39.069971,Tokyo Tidbits,4,3,12,visa,4848048446976323
2003048,1000284,3000044,2024-05-07 20:17:08.144845,Outback Oatmeal,1,3,3,mastercard,2224963723826165
2003049,1000081,3000004,2024-05-01 11:32:00.127432,Golden Gate Ginger,4,3,12,amex,345009002100480
2003050,1000247,3000009,2024-05-11 13:49:32.211941,Pearly Pies,4,3,12,mastercard,5361810771206947
2003051,1000150,3000008,2024-05-06 19:56:39.546544,Outback Oatmeal,10,3,30,mastercard,2720020989279214
2003052,1000024,3000010,2024-05-08 05:19:56.950584,Golden Gate Ginger,8,3,24,amex,379128144910256
2003053,1000225,3000003,2024-05-11 13:30:58.268134,Golden Gate Ginger,4,3,12,amex,370166076030585
2003054,1000069,3000036,2024-05-10 00:06:07.520932,Golden Gate Ginger,2,3,6,mastercard,2249811048522699
2003055,1000223,3000017,2024-05-15 14:24:21.964837,Austin Almond Biscotti,5,3,15,visa,4511976733907278
2003056,1000171,3000004,2024-05-11 11:42:29.308156,Orchard Oasis,10,3,30,visa,4049964210749562
2003057,1000288,3000022,2024-05-11 17:14:44.127307,Pearly Pies,2,3,6,amex,349271837999454
2003058,1000044,3000008,2024-05-09 06:11:57.016292,Tokyo Tidbits,3,3,9,amex,378925853683441
2003059,1000184,3000025,2024-05-12 14:32:24.781470,Pearly Pies,7,3,21,visa,4747050571496913
2003060,1000233,3000015,2024-05-14 17:13:49.003284,Pearly Pies,1,3,3,visa,4607887501046493
2003061,1000216,3000011,2024-05-02 10:36:00.644002,Orchard Oasis,2,3,6,mastercard,2550111975963617
2003062,1000049,3000037,2024-05-09 05:00:40.264879,Austin Almond Biscotti,3,3,9,mastercard,2717246997241236
2003063,1000286,3000025,2024-05-17 08:00:36.075280,Pearly Pies,4,3,12,amex,376096427428432
2003065,1000169,3000007,2024-05-16 04:51:34.752376,Tokyo Tidbits,2,3,6,amex,342063199657482
2003066,1000158,3000041,2024-05-16 15:04:27.804139,Tokyo Tidbits,10,3,30,amex,342030326714254
2003067,1000267,3000027,2024-05-13 20:36:48.204358,Pearly Pies,5,3,15,amex,374596003777849
2003069,1000103,3000019,2024-05-08 00:47:11.445042,Pearly Pies,4,3,12,mastercard,2237974553992196
2003071,1000264,3000013,2024-05-08 03:16:58.232053,Tokyo Tidbits,8,3,24,mastercard,5202978341795393
2003072,1000077,3000018,2024-05-12 11:50:42.345127,Outback Oatmeal,3,3,9,visa,4844945308073996
2003073,1000279,3000035,2024-05-03 05:39:33.184477,Tokyo Tidbits,4,3,12,visa,4805894545718442
2003074,1000291,3000005,2024-05-06 08:53:05.258538,Orchard Oasis,3,3,9,amex,370561768119474
2003075,1000050,3000026,2024-05-14 04:39:09.906342,Outback Oatmeal,7,3,21,amex,374853843299520
2003076,1000283,3000004,2024-05-14 05:55:47.878772,Pearly Pies,7,3,21,visa,4640738429583035
2003077,1000298,3000006,2024-05-09 18:08:00.914798,Orchard Oasis,4,3,12,mastercard,5471878241798261
2003078,1000187,3000009,2024-05-08 08:43:39.583218,Pearly Pies,7,3,21,mastercard,2271575559170195
2003080,1000050,3000045,2024-05-15 20:59:55.181415,Golden Gate Ginger,1,3,3,mastercard,2294381666539221
2003081,1000262,3000008,2024-05-16 21:33:57.717131,Golden Gate Ginger,3,3,9,visa,4250299152484116
2003082,1000009,3000005,2024-05-09 01:04:04.046658,Orchard Oasis,1,3,3,mastercard,5353046701425659
2003083,1000167,3000043,2024-05-16 10:30:36.871714,Pearly Pies,2,3,6,amex,346753225042354
2003084,1000052,3000033,2024-05-02 02:06:06.463536,Tokyo Tidbits,2,3,6,amex,345239704624095
2003085,1000074,3000036,2024-05-14 19:58:25.392824,Golden Gate Ginger,9,3,27,amex,372483343127088
2003086,1000025,3000042,2024-05-01 16:43:36.883164,Golden Gate Ginger,7,3,21,mastercard,5257690129838410
2003087,1000002,3000006,2024-05-16 14:38:18.782359,Pearly Pies,10,3,30,mastercard,2714873492873099
2003088,1000071,3000038,2024-05-02 02:51:40.005584,Tokyo Tidbits,2,3,6,visa,4512805129557364
2003089,1000294,3000015,2024-05-01 23:35:41.513207,Pearly Pies,3,3,9,mastercard,2227107487134179
2003090,1000290,3000004,2024-05-16 08:52:11.636901,Pearly Pies,4,3,12,amex,378611142409125
2003091,1000015,3000040,2024-05-12 02:49:37.598856,Austin Almond Biscotti,1,3,3,amex,370344520302575
2003093,1000225,3000004,2024-05-02 22:48:05.961241,Orchard Oasis,6,3,18,visa,4804085889881471
2003094,1000028,3000008,2024-05-03 08:17:14.562370,Outback Oatmeal,10,3,30,amex,342524521977708
2003095,1000075,3000011,2024-05-15 05:34:26.843256,Outback Oatmeal,4,3,12,visa,4415597077929996
2003096,1000069,3000034,2024-05-03 15:03:09.383123,Pearly Pies,8,3,24,amex,346569233418133
2003097,1000122,3000034,2024-05-11 23:16:39.765091,Golden Gate Ginger,3,3,9,visa,4950690652517681
2003098,1000083,3000029,2024-05-06 17:11:17.189972,Austin Almond Biscotti,2,3,6,mastercard,2712925529988183
2003099,1000021,3000006,2024-05-16 15:52:12.061430,Austin Almond Biscotti,4,3,12,mastercard,2270236799330195
2003100,1000088,3000037,2024-05-01 14:56:02.885764,Orchard Oasis,8,3,24,amex,340611120171114
2003101,1000270,3000015,2024-05-13 12:06:41.953036,Orchard Oasis,4,3,12,visa,4608279399907763
2003102,1000293,3000043,2024-05-14 07:13:18.987173,Tokyo Tidbits,6,3,18,mastercard,5101113189773946
2003104,1000162,3000042,2024-05-08 22:43:43.252832,Pearly Pies,5,3,15,amex,344698249742517
2003105,1000072,3000008,2024-05-06 06:25:38.801999,Golden Gate Ginger,10,3,30,visa,4088090724464118
2003106,1000129,3000031,2024-05-15 04:18:52.387070,Golden Gate Ginger,1,3,3,amex,376310140701334
2003107,1000190,3000006,2024-05-16 06:10:52.343197,Austin Almond Biscotti,7,3,21,mastercard,2289700577487344
2003108,1000155,3000008,2024-05-14 06:31:16.085325,Golden Gate Ginger,10,3,30,visa,4917613477766657
2003110,1000052,3000036,2024-05-07 20:10:30.564895,Austin Almond Biscotti,5,3,15,amex,379096606348556
2003111,1000217,3000045,2024-05-17 11:42:19.752606,Pearly Pies,2,3,6,visa,4573618716132343
2003112,1000250,3000011,2024-05-13 11:45:28.959121,Tokyo Tidbits,6,3,18,amex,342322903346588
2003114,1000268,3000042,2024-05-15 04:34:17.833345,Outback Oatmeal,7,3,21,mastercard,5560542025254584
2003115,1000205,3000033,2024-05-08 14:23:11.412736,Orchard Oasis,8,3,24,mastercard,2711867627801341
2003116,1000053,3000038,2024-05-14 16:48:46.852868,Outback Oatmeal,7,3,21,amex,378116550604423
2003117,1000240,3000043,2024-05-10 16:15:51.738139,Pearly Pies,9,3,27,amex,346234103023634
2003119,1000178,3000044,2024-05-15 19:27:16.504532,Pearly Pies,5,3,15,visa,4212547911320626
2003120,1000209,3000025,2024-05-17 03:29:25.326508,Golden Gate Ginger,6,3,18,visa,4032005971649275
2003121,1000022,3000022,2024-05-07 00:50:09.678695,Tokyo Tidbits,2,3,6,mastercard,2254565212583232
2003122,1000253,3000023,2024-05-12 09:28:14.878716,Outback Oatmeal,3,3,9,mastercard,2462449230899375
2003123,1000197,3000042,2024-05-16 19:40:05.053357,Tokyo Tidbits,8,3,24,visa,4051289057826538
2003124,1000100,3000018,2024-05-01 22:26:10.837302,Outback Oatmeal,2,3,6,amex,379133456684374
2003125,1000015,3000013,2024-05-04 04:58:09.496334,Orchard Oasis,9,3,27,mastercard,2710974531679614
2003126,1000238,3000005,2024-05-01 04:55:32.892207,Orchard Oasis,4,3,12,mastercard,2258228269864635
2003127,1000257,3000015,2024-05-09 13:59:10.561262,Orchard Oasis,7,3,21,visa,4046279042920841
2003128,1000293,3000033,2024-05-03 18:18:22.974741,Tokyo Tidbits,2,3,6,visa,4776265971833366
2003130,1000121,3000009,2024-05-06 05:33:51.687633,Golden Gate Ginger,2,3,6,mastercard,5559199427634880
2003132,1000186,3000044,2024-05-08 01:21:20.119414,Tokyo Tidbits,6,3,18,visa,4031053050692791
2003133,1000282,3000005,2024-05-13 09:37:03.969820,Orchard Oasis,3,3,9,amex,347761781362214
2003134,1000141,3000006,2024-05-03 20:09:31.082658,Tokyo Tidbits,5,3,15,mastercard,2475940586520644
2003135,1000156,3000017,2024-05-13 08:05:22.777827,Orchard Oasis,3,3,9,visa,4772738502870846
2003136,1000036,3000001,2024-05-08 13:30:50.641638,Austin Almond Biscotti,1,3,3,mastercard,2509967862489996
2003137,1000239,3000034,2024-05-12 00:50:21.569827,Austin Almond Biscotti,6,3,18,mastercard,5454298950239152
2003139,1000233,3000032,2024-05-16 02:14:41.153237,Outback Oatmeal,5,3,15,mastercard,2374753317447389
2003140,1000250,3000017,2024-05-15 05:46:34.644545,Pearly Pies,9,3,27,amex,379578698817978
2003141,1000112,3000022,2024-05-02 00:42:25.949620,Orchard Oasis,2,3,6,mastercard,5389454196500564
2003142,1000108,3000023,2024-05-11 18:42:46.107641,Austin Almond Biscotti,6,3,18,mastercard,5535944063931382
2003143,1000216,3000036,2024-05-12 19:12:12.490228,Orchard Oasis,9,3,27,visa,4577485235637152
2003144,1000227,3000011,2024-05-05 02:04:35.824172,Austin Almond Biscotti,9,3,27,mastercard,2285773471162572
2003145,1000123,3000044,2024-05-02 18:02:08.916806,Austin Almond Biscotti,9,3,27,visa,4398180714155720
2003148,1000026,3000012,2024-05-09 19:18:06.930533,Outback Oatmeal,8,3,24,visa,4839915615676937
2003149,1000121,3000024,2024-05-13 19:30:12.105722,Pearly Pies,5,3,15,amex,341575786351378
2003150,1000099,3000009,2024-05-06 04:20:38.686688,Austin Almond Biscotti,10,3,30,amex,346616728432572
2003152,1000277,3000028,2024-05-03 20:51:16.540863,Tokyo Tidbits,9,3,27,visa,4410214115811435
2003153,1000173,3000019,2024-05-14 15:00:33.477848,Outback Oatmeal,2,3,6,mastercard,2249234126769407
2003154,1000002,3000022,2024-05-06 10:25:47.818576,Outback Oatmeal,10,3,30,amex,341850845507538
2003155,1000019,3000016,2024-05-07 08:11:02.480880,Golden Gate Ginger,7,3,21,mastercard,2366881280405611
2003156,1000016,3000036,2024-05-06 06:25:49.016133,Golden Gate Ginger,7,3,21,amex,374641042777739
2003157,1000158,3000010,2024-05-16 03:30:59.281451,Austin Almond Biscotti,10,3,30,mastercard,5206783959391907
2003158,1000243,3000045,2024-05-02 09:18:31.675138,Orchard Oasis,7,3,21,mastercard,2246906858807777
2003159,1000065,3000013,2024-05-16 12:23:57.554232,Outback Oatmeal,1,3,3,visa,4901240668723343
2003160,1000236,3000030,2024-05-17 04:55:11.613993,Golden Gate Ginger,7,3,21,visa,4468824396819708
2003161,1000225,3000015,2024-05-07 13:41:05.657893,Tokyo Tidbits,5,3,15,amex,379194234645848
2003162,1000232,3000007,2024-05-09 10:47:21.899574,Austin Almond Biscotti,2,3,6,mastercard,2568961385182426
2003163,1000224,3000001,2024-05-01 07:06:39.447321,Orchard Oasis,4,3,12,mastercard,5191565265664284
2003164,1000073,3000012,2024-05-08 09:20:11.726198,Outback Oatmeal,9,3,27,amex,375948455308145
2003165,1000217,3000001,2024-05-01 00:03:28.344552,Outback Oatmeal,9,3,27,amex,340527950114943
2003166,1000067,3000042,2024-05-09 18:50:04.539746,Pearly Pies,4,3,12,amex,346247039107545
2003167,1000040,3000003,2024-05-16 08:46:47.510515,Pearly Pies,3,3,9,mastercard,5275409634664155
2003168,1000250,3000045,2024-05-07 17:59:09.475718,Pearly Pies,7,3,21,visa,4387141865037060
2003169,1000026,3000042,2024-05-16 12:30:47.738554,Golden Gate Ginger,2,3,6,visa,4709313717089562
2003170,1000079,3000016,2024-05-03 19:48:32.436411,Orchard Oasis,8,3,24,mastercard,2304063963007957
2003171,1000165,3000033,2024-05-17 11:26:06.856188,Tokyo Tidbits,3,3,9,mastercard,5594259608699990
2003173,1000210,3000013,2024-05-13 22:34:38.490842,Pearly Pies,7,3,21,visa,4279695266396376
2003174,1000067,3000024,2024-05-10 03:43:39.304277,Pearly Pies,5,3,15,amex,375429547194181
2003175,1000080,3000012,2024-05-16 07:10:16.898885,Outback Oatmeal,9,3,27,visa,4759908691539133
2003176,1000235,3000032,2024-05-01 05:44:08.655346,Golden Gate Ginger,5,3,15,visa,4583478009840229
2003177,1000262,3000045,2024-05-14 06:44:51.582774,Golden Gate Ginger,6,3,18,visa,4001263262249852
2003178,1000263,3000022,2024-05-03 13:49:31.367829,Tokyo Tidbits,1,3,3,visa,4479138432311753
2003179,1000002,3000043,2024-05-13 02:40:21.351365,Golden Gate Ginger,7,3,21,visa,4033230920202476
2003180,1000231,3000007,2024-05-10 08:57:40.065669,Tokyo Tidbits,6,3,18,mastercard,2520847824646104
2003181,1000288,3000026,2024-05-03 10:11:23.357294,Golden Gate Ginger,7,3,21,visa,4803765765846141
2003182,1000053,3000001,2024-05-01 14:56:33.221741,Orchard Oasis,9,3,27,visa,4182060023319060
2003183,1000074,3000012,2024-05-15 00:40:00.547598,Pearly Pies,2,3,6,mastercard,5201637432273972
2003185,1000067,3000032,2024-05-06 13:26:51.815094,Orchard Oasis,6,3,18,amex,375652519200229
2003186,1000194,3000023,2024-05-10 16:42:42.432200,Pearly Pies,5,3,15,mastercard,2396611533191823
2003187,1000296,3000033,2024-05-13 20:37:08.156397,Golden Gate Ginger,1,3,3,visa,4224291392682446
2003188,1000227,3000018,2024-05-07 20:50:22.143534,Tokyo Tidbits,7,3,21,visa,4969872258523300
2003189,1000153,3000029,2024-05-13 10:36:24.304529,Austin Almond Biscotti,8,3,24,amex,371244490496184
2003190,1000141,3000016,2024-05-11 10:19:07.103408,Orchard Oasis,6,3,18,amex,377557878017536
2003191,1000274,3000023,2024-05-02 19:40:10.715503,Austin Almond Biscotti,7,3,21,visa,4115199324511827
2003192,1000000,3000023,2024-05-13 20:04:41.535881,Pearly Pies,5,3,15,amex,343583351937728
2003193,1000186,3000044,2024-05-16 22:03:20.835049,Austin Almond Biscotti,6,3,18,visa,4970520239457729
2003195,1000056,3000030,2024-05-06 12:21:32.372161,Pearly Pies,6,3,18,amex,349013326237461
2003197,1000082,3000004,2024-05-07 02:34:52.951784,Outback Oatmeal,5,3,15,mastercard,2292738672085774
2003200,1000138,3000032,2024-05-12 04:15:03.283171,Pearly Pies,7,3,21,mastercard,5584840071452892
2003203,1000137,3000008,2024-05-06 13:03:23.802548,Pearly Pies,4,3,12,amex,375670668527630
2003204,1000079,3000016,2024-05-16 03:29:59.147898,Pearly Pies,6,3,18,amex,377877955820465
2003205,1000157,3000028,2024-05-14 14:00:15.845731,Outback Oatmeal,4,3,12,visa,4322544689724235
2003206,1000010,3000007,2024-05-17 00:12:38.197682,Orchard Oasis,3,3,9,amex,373204080880443
2003207,1000287,3000034,2024-05-08 22:17:46.084024,Pearly Pies,9,3,27,mastercard,2312596655681340
2003208,1000104,3000019,2024-05-15 22:54:11.373922,Orchard Oasis,10,3,30,visa,4503226758540392
2003209,1000204,3000034,2024-05-06 06:43:50.490319,Austin Almond Biscotti,1,3,3,amex,349998728585188
2003210,1000238,3000011,2024-05-01 12:04:44.974028,Golden Gate Ginger,9,3,27,visa,4663870785214368
2003211,1000003,3000025,2024-05-15 14:21:18.812808,Austin Almond Biscotti,5,3,15,amex,344346820107409
2003212,1000200,3000004,2024-05-11 22:13:40.639286,Golden Gate Ginger,6,3,18,amex,370202082364435
2003213,1000135,3000018,2024-05-03 08:28:01.242977,Pearly Pies,1,3,3,amex,342065892358631
2003214,1000176,3000027,2024-05-10 12:32:48.918615,Pearly Pies,10,3,30,visa,4635334475201131
2003215,1000055,3000009,2024-05-09 11:57:33.692453,Outback Oatmeal,7,3,21,visa,4392100983463031
2003216,1000183,3000043,2024-05-03 15:19:22.453833,Tokyo Tidbits,5,3,15,visa,4733148972002268
2003218,1000190,3000017,2024-05-13 01:11:04.883550,Pearly Pies,5,3,15,mastercard,5338607314475777
2003219,1000132,3000030,2024-05-01 07:22:22.429346,Pearly Pies,1,3,3,amex,372539382072418
2003220,1000037,3000009,2024-05-16 16:36:19.416347,Austin Almond Biscotti,7,3,21,amex,344700604016303
2003221,1000018,3000013,2024-05-02 16:46:38.832187,Pearly Pies,2,3,6,mastercard,2364867073263376
2003223,1000016,3000030,2024-05-16 03:49:38.247524,Pearly Pies,6,3,18,visa,4378393622493927
2003224,1000040,3000034,2024-05-03 07:05:26.135202,Austin Almond Biscotti,8,3,24,amex,379442162386194
2003226,1000136,3000044,2024-05-14 05:26:29.092284,Outback Oatmeal,3,3,9,visa,4112838367310125
2003227,1000002,3000010,2024-05-03 05:53:36.622249,Golden Gate Ginger,5,3,15,visa,4220184478516295
2003228,1000282,3000034,2024-05-12 05:44:37.555156,Orchard Oasis,4,3,12,visa,4836868422851198
2003229,1000180,3000005,2024-05-15 07:57:50.791045,Orchard Oasis,3,3,9,amex,376341330547211
2003232,1000260,3000027,2024-05-11 15:17:54.232024,Orchard Oasis,9,3,27,mastercard,5474287041675900
2003233,1000014,3000040,2024-05-02 18:23:24.676599,Tokyo Tidbits,5,3,15,visa,4891384922479284
2003234,1000166,3000015,2024-05-10 12:33:36.799179,Golden Gate Ginger,5,3,15,mastercard,2706118047730679
2003235,1000081,3000019,2024-05-15 20:28:35.323681,Orchard Oasis,3,3,9,visa,4971182557697540
2003237,1000222,3000008,2024-05-05 05:53:10.512011,Outback Oatmeal,5,3,15,mastercard,2718805241640342
2003238,1000024,3000029,2024-05-08 16:59:57.052315,Outback Oatmeal,9,3,27,amex,349879514229076
2003239,1000167,3000015,2024-05-02 08:23:20.797654,Outback Oatmeal,2,3,6,amex,347459299128918
2003240,1000061,3000024,2024-05-04 22:40:17.111588,Golden Gate Ginger,3,3,9,amex,348046486235108
2003241,1000259,3000005,2024-05-11 22:08:16.143785,Austin Almond Biscotti,8,3,24,visa,4381953716868683
2003242,1000149,3000032,2024-05-07 00:52:44.944716,Golden Gate Ginger,2,3,6,visa,4484676079275040
2003243,1000008,3000019,2024-05-01 21:15:04.727908,Orchard Oasis,9,3,27,visa,4828944683787569
2003245,1000006,3000037,2024-05-14 15:15:57.252487,Tokyo Tidbits,2,3,6,visa,4688641441322262
2003246,1000154,3000040,2024-05-14 16:35:39.782023,Pearly Pies,2,3,6,amex,341154676865796
2003247,1000028,3000037,2024-05-06 15:28:03.353551,Tokyo Tidbits,7,3,21,visa,4293729207010259
2003248,1000216,3000027,2024-05-13 10:18:03.088755,Orchard Oasis,4,3,12,amex,349559607157489
2003249,1000227,3000009,2024-05-12 06:47:26.961351,Orchard Oasis,9,3,27,amex,345784663585639
2003250,1000288,3000008,2024-05-06 02:50:45.037303,Orchard Oasis,1,3,3,amex,342647361359040
2003252,1000190,3000028,2024-05-03 06:32:29.835891,Outback Oatmeal,2,3,6,amex,373023122696546
2003253,1000191,3000022,2024-05-06 02:12:26.765525,Pearly Pies,7,3,21,visa,4274816310095732
2003254,1000166,3000027,2024-05-14 19:58:38.224145,Outback Oatmeal,8,3,24,amex,340918657847515
2003255,1000159,3000036,2024-05-06 05:05:12.407500,Pearly Pies,8,3,24,visa,4583628669883709
2003256,1000084,3000033,2024-05-10 13:47:43.764297,Orchard Oasis,10,3,30,amex,370528335469609
2003257,1000177,3000016,2024-05-10 13:12:10.894629,Austin Almond Biscotti,2,3,6,visa,4469972644751618
2003258,1000249,3000027,2024-05-06 08:52:34.763788,Orchard Oasis,10,3,30,mastercard,2685531439929581
2003259,1000181,3000010,2024-05-02 14:16:20.853893,Golden Gate Ginger,5,3,15,mastercard,2290783299886529
2003260,1000196,3000029,2024-05-12 17:08:25.649615,Tokyo Tidbits,10,3,30,visa,4800409041272904
2003261,1000295,3000003,2024-05-04 10:34:32.375747,Golden Gate Ginger,6,3,18,mastercard,2235603049005006
2003263,1000065,3000030,2024-05-16 03:15:32.830860,Outback Oatmeal,8,3,24,visa,4273390850778751
2003265,1000042,3000017,2024-05-07 21:27:50.109622,Austin Almond Biscotti,9,3,27,amex,340452704664657
2003267,1000067,3000037,2024-05-08 02:57:26.510596,Tokyo Tidbits,9,3,27,mastercard,5315031779704901
2003268,1000205,3000042,2024-05-01 08:25:21.302877,Pearly Pies,10,3,30,visa,4229420750710813
2003270,1000169,3000018,2024-05-03 01:22:35.199524,Orchard Oasis,4,3,12,amex,349794188424228
2003271,1000213,3000009,2024-05-15 03:29:35.023544,Tokyo Tidbits,6,3,18,amex,379373740375039
2003272,1000020,3000016,2024-05-08 08:22:42.929296,Orchard Oasis,5,3,15,visa,4450616108821448
2003273,1000068,3000019,2024-05-03 14:47:41.637113,Tokyo Tidbits,10,3,30,mastercard,2707749102291659
2003274,1000239,3000018,2024-05-13 15:59:50.352785,Austin Almond Biscotti,2,3,6,amex,379437251881055
2003275,1000229,3000012,2024-05-08 23:52:09.915140,Outback Oatmeal,10,3,30,visa,4535241003400724
2003277,1000267,3000023,2024-05-09 17:19:07.140275,Pearly Pies,7,3,21,amex,376201058099938
2003279,1000208,3000007,2024-05-07 09:40:24.137134,Austin Almond Biscotti,9,3,27,amex,374244090081201
2003280,1000256,3000044,2024-05-04 23:15:07.608175,Golden Gate Ginger,3,3,9,mastercard,5586198786472830
2003281,1000295,3000007,2024-05-16 07:49:09.798238,Austin Almond Biscotti,1,3,3,visa,4156702068586242
2003282,1000254,3000006,2024-05-03 03:26:12.132774,Outback Oatmeal,2,3,6,visa,4766651155629401
2003283,1000136,3000045,2024-05-13 05:56:45.790435,Tokyo Tidbits,4,3,12,mastercard,2242396239961192
2003284,1000252,3000031,2024-05-05 15:49:20.721547,Tokyo Tidbits,7,3,21,visa,4849714690020568
2003285,1000121,3000003,2024-05-06 01:04:05.350676,Tokyo Tidbits,4,3,12,visa,4225761241995909
2003286,1000114,3000043,2024-05-01 23:14:59.876298,Golden Gate Ginger,1,3,3,visa,4157530808553613
2003287,1000071,3000025,2024-05-14 08:31:47.531084,Golden Gate Ginger,5,3,15,amex,376827941167183
2003288,1000284,3000033,2024-05-16 23:46:27.799709,Austin Almond Biscotti,8,3,24,mastercard,2609033592395687
2003289,1000004,3000026,2024-05-07 09:08:35.839761,Austin Almond Biscotti,4,3,12,mastercard,2424479914911110
2003291,1000284,3000027,2024-05-17 06:51:21.992676,Tokyo Tidbits,5,3,15,mastercard,5442232178232959
2003292,1000008,3000034,2024-05-07 21:11:39.767448,Golden Gate Ginger,5,3,15,mastercard,2692233568804518
2003293,1000099,3000042,2024-05-12 07:49:12.713131,Golden Gate Ginger,10,3,30,mastercard,2266298943146766
2003294,1000295,3000035,2024-05-11 10:55:25.467816,Golden Gate Ginger,5,3,15,visa,4804661262774705
2003295,1000074,3000028,2024-05-04 07:19:54.756515,Pearly Pies,6,3,18,amex,379121033863686
2003297,1000121,3000017,2024-05-04 17:34:45.482480,Golden Gate Ginger,3,3,9,visa,4366422776747590
2003298,1000158,3000003,2024-05-15 21:26:45.075702,Pearly Pies,4,3,12,mastercard,2258086014394922
2003299,1000059,3000033,2024-05-14 17:03:25.496303,Austin Almond Biscotti,4,3,12,visa,4467664552271208
2003300,1000021,3000001,2024-05-06 13:48:08.367307,Outback Oatmeal,6,3,18,amex,374199962179089
2003301,1000201,3000001,2024-05-01 12:44:20.649254,Austin Almond Biscotti,2,3,6,amex,342914423447944
2003302,1000084,3000025,2024-05-12 18:30:45.451921,Tokyo Tidbits,8,3,24,mastercard,5324216032161655
2003304,1000262,3000040,2024-05-09 12:08:22.994336,Tokyo Tidbits,9,3,27,visa,4921522159903476
2003306,1000082,3000017,2024-05-04 02:23:15.057649,Orchard Oasis,9,3,27,mastercard,2245807530974657
2003307,1000247,3000016,2024-05-04 16:42:14.113477,Pearly Pies,2,3,6,amex,347792861862500
2003308,1000209,3000007,2024-05-02 16:28:02.949761,Pearly Pies,3,3,9,mastercard,2238359348059528
2003309,1000206,3000035,2024-05-11 01:25:59.596041,Austin Almond Biscotti,8,3,24,visa,4825719250682739
2003310,1000191,3000004,2024-05-05 21:06:15.016534,Pearly Pies,9,3,27,mastercard,2714794729096124
2003311,1000044,3000026,2024-05-03 06:06:37.550162,Golden Gate Ginger,8,3,24,mastercard,2268277658188914
2003312,1000244,3000031,2024-05-11 15:19:40.309882,Pearly Pies,4,3,12,mastercard,2700532391630283
2003313,1000121,3000027,2024-05-02 08:26:42.279765,Tokyo Tidbits,7,3,21,amex,343853585829763
2003314,1000194,3000028,2024-05-06 10:18:46.664842,Austin Almond Biscotti,7,3,21,amex,343706940405796
2003315,1000275,3000028,2024-05-02 13:13:49.845823,Outback Oatmeal,7,3,21,amex,370486463322597
2003316,1000179,3000018,2024-05-08 08:49:07.464509,Pearly Pies,1,3,3,mastercard,2225010906497411
2003317,1000152,3000024,2024-05-09 19:09:38.630243,Pearly Pies,2,3,6,amex,341268248278294
2003318,1000014,3000032,2024-05-05 16:43:31.574073,Outback Oatmeal,5,3,15,amex,377357532818712
2003319,1000136,3000030,2024-05-11 18:13:21.641703,Austin Almond Biscotti,8,3,24,mastercard,2556634935356535
2003320,1000182,3000006,2024-05-11 14:10:45.825487,Pearly Pies,3,3,9,mastercard,2256561623971544
2003321,1000160,3000036,2024-05-04 04:29:04.126789,Outback Oatmeal,10,3,30,amex,340230090612559
2003322,1000087,3000005,2024-05-03 13:27:02.161651,Golden Gate Ginger,4,3,12,amex,344542063423988
2003323,1000007,3000016,2024-05-10 03:50:37.204082,Pearly Pies,5,3,15,mastercard,5130203649867134
2003324,1000225,3000045,2024-05-12 19:11:55.890329,Orchard Oasis,7,3,21,mastercard,2261753236532549
2003325,1000151,3000038,2024-05-11 05:08:12.602741,Tokyo Tidbits,1,3,3,amex,345746710794084
2003326,1000015,3000017,2024-05-05 13:53:28.193748,Orchard Oasis,3,3,9,visa,4583314827869480
2003327,1000135,3000037,2024-05-14 14:08:55.962865,Tokyo Tidbits,4,3,12,mastercard,5458948928377445
2003328,1000177,3000024,2024-05-11 04:37:35.043574,Austin Almond Biscotti,3,3,9,amex,376721990092535
2003330,1000032,3000043,2024-05-14 04:14:20.168818,Outback Oatmeal,4,3,12,visa,4381319977341465
2003331,1000192,3000008,2024-05-13 23:44:00.047493,Outback Oatmeal,8,3,24,amex,344360177205302
2003332,1000233,3000009,2024-05-12 13:27:56.511728,Pearly Pies,8,3,24,mastercard,2388131120078044
2001248,1000194,3000030,2024-05-11 19:58:49.700310,Austin Almond Biscotti,2,3,6,amex,379399590886288
2001249,1000002,3000017,2024-05-05 19:05:51.913311,Outback Oatmeal,9,3,27,amex,344146971161043
2001250,1000207,3000031,2024-05-13 02:39:28.454444,Outback Oatmeal,9,3,27,mastercard,2382491743014933
2001251,1000241,3000010,2024-05-07 22:41:11.953388,Golden Gate Ginger,8,3,24,amex,343424632443469
2001252,1000293,3000015,2024-05-11 11:19:14.312037,Pearly Pies,4,3,12,mastercard,2430718658294726
2001253,1000099,3000011,2024-05-11 23:02:06.257702,Tokyo Tidbits,1,3,3,amex,341656767688408
2001254,1000201,3000005,2024-05-17 08:53:57.032101,Golden Gate Ginger,10,3,30,visa,4145833866063029
2001255,1000058,3000005,2024-05-15 08:44:41.193504,Austin Almond Biscotti,5,3,15,mastercard,2492348279877082
2001256,1000113,3000005,2024-05-13 14:36:56.610177,Orchard Oasis,9,3,27,visa,4053337403195633
2001257,1000245,3000042,2024-05-06 06:56:36.002212,Outback Oatmeal,4,3,12,mastercard,2720702170096156
2001258,1000020,3000024,2024-05-01 12:21:34.310112,Orchard Oasis,3,3,9,visa,4221271770433011
2001259,1000081,3000042,2024-05-15 07:21:38.204557,Orchard Oasis,4,3,12,mastercard,2248257595150651
2001260,1000095,3000043,2024-05-08 21:12:24.710120,Outback Oatmeal,8,3,24,mastercard,2448605602817894
2001262,1000063,3000030,2024-05-07 06:12:24.526082,Tokyo Tidbits,5,3,15,amex,343019418416364
2001263,1000019,3000041,2024-05-02 13:11:48.009197,Golden Gate Ginger,8,3,24,visa,4517114039768772
2001265,1000009,3000016,2024-05-04 04:48:47.004852,Golden Gate Ginger,7,3,21,amex,376767744339219
2001266,1000019,3000011,2024-05-03 16:15:46.731034,Outback Oatmeal,9,3,27,visa,4599117948091484
2001267,1000229,3000045,2024-05-11 20:41:58.089095,Outback Oatmeal,1,3,3,amex,371565297403761
2001268,1000160,3000005,2024-05-17 08:11:46.867252,Austin Almond Biscotti,8,3,24,mastercard,2712877638016820
2001269,1000186,3000012,2024-05-13 02:44:49.684963,Golden Gate Ginger,8,3,24,visa,4326444920145652
2001270,1000188,3000030,2024-05-12 03:35:49.875689,Outback Oatmeal,9,3,27,visa,4783698269191108
2001271,1000147,3000030,2024-05-05 07:55:38.984126,Outback Oatmeal,10,3,30,amex,377152692988870
2001273,1000249,3000008,2024-05-08 05:16:14.613344,Austin Almond Biscotti,1,3,3,visa,4302859472239207
2001274,1000095,3000034,2024-05-06 22:54:02.636456,Orchard Oasis,4,3,12,visa,4381375653075488
2001275,1000266,3000007,2024-05-14 17:14:54.498083,Golden Gate Ginger,5,3,15,mastercard,5487123379826390
2001276,1000195,3000011,2024-05-06 16:47:39.746220,Orchard Oasis,10,3,30,visa,4184622727846553
2001277,1000215,3000037,2024-05-06 09:09:21.534979,Tokyo Tidbits,3,3,9,mastercard,2279582234555719
2001278,1000256,3000016,2024-05-04 04:42:29.353751,Austin Almond Biscotti,3,3,9,amex,345075575081928
2001279,1000004,3000017,2024-05-16 22:07:44.616964,Outback Oatmeal,8,3,24,mastercard,2720884884053341
2001280,1000231,3000010,2024-05-09 19:19:57.531469,Golden Gate Ginger,2,3,6,visa,4649425913929970
2001282,1000177,3000031,2024-05-14 23:41:26.976361,Tokyo Tidbits,7,3,21,amex,349307172869504
2001283,1000133,3000028,2024-05-15 05:13:17.930791,Golden Gate Ginger,4,3,12,amex,375343557137297
2001284,1000248,3000036,2024-05-05 23:20:38.729114,Orchard Oasis,7,3,21,visa,4968655185728089
2001286,1000262,3000042,2024-05-10 02:49:53.289381,Outback Oatmeal,3,3,9,mastercard,2266947887588827
2001288,1000097,3000016,2024-05-07 21:57:22.695744,Austin Almond Biscotti,2,3,6,amex,376478879196982
2001290,1000229,3000038,2024-05-04 03:49:02.114451,Outback Oatmeal,10,3,30,amex,379633675355862
2001291,1000263,3000040,2024-05-04 16:53:49.919041,Tokyo Tidbits,10,3,30,mastercard,2295862338700225
2001292,1000082,3000016,2024-05-09 11:55:33.793227,Pearly Pies,8,3,24,mastercard,2704122968112430
2001293,1000233,3000013,2024-05-12 08:38:13.944305,Golden Gate Ginger,10,3,30,mastercard,2703302828303780
2001294,1000062,3000024,2024-05-14 18:46:32.561867,Pearly Pies,9,3,27,amex,379780028100691
2001296,1000010,3000013,2024-05-09 07:11:30.182072,Pearly Pies,3,3,9,mastercard,2384684806937457
2001297,1000155,3000012,2024-05-14 17:02:49.622094,Orchard Oasis,3,3,9,mastercard,2243796995471402
2001298,1000022,3000004,2024-05-13 02:58:18.227551,Austin Almond Biscotti,5,3,15,mastercard,2248083061267245
2001299,1000251,3000027,2024-05-02 04:12:24.329960,Outback Oatmeal,4,3,12,amex,375432869909723
2001300,1000016,3000029,2024-05-05 12:12:01.113546,Golden Gate Ginger,4,3,12,visa,4782432461614373
2001301,1000188,3000024,2024-05-02 23:26:16.593828,Austin Almond Biscotti,1,3,3,visa,4371249342453822
2001302,1000213,3000043,2024-05-06 10:37:13.382042,Austin Almond Biscotti,7,3,21,mastercard,2711063136456088
2001303,1000033,3000041,2024-05-04 16:26:39.292522,Outback Oatmeal,10,3,30,amex,379068346238611
2001304,1000084,3000037,2024-05-01 20:40:53.837211,Orchard Oasis,5,3,15,visa,4768619802603226
2001305,1000155,3000027,2024-05-11 01:39:18.611671,Austin Almond Biscotti,6,3,18,mastercard,2282696787954924
2001306,1000156,3000034,2024-05-08 20:53:45.496003,Golden Gate Ginger,1,3,3,amex,346820439688205
2001307,1000230,3000008,2024-05-15 04:37:21.272592,Outback Oatmeal,8,3,24,amex,344441656816734
2001309,1000170,3000034,2024-05-05 08:13:42.877986,Golden Gate Ginger,2,3,6,visa,4207736424595686
2001311,1000163,3000034,2024-05-04 20:50:38.258335,Pearly Pies,2,3,6,mastercard,2289392112383434
2001312,1000193,3000044,2024-05-03 18:41:46.547203,Pearly Pies,4,3,12,amex,374480799440765
2001313,1000234,3000003,2024-05-12 08:43:26.749683,Austin Almond Biscotti,9,3,27,visa,4805902563253646
2001314,1000214,3000044,2024-05-01 18:02:10.020426,Tokyo Tidbits,9,3,27,amex,370699732576112
2001315,1000041,3000011,2024-05-07 11:35:20.513179,Tokyo Tidbits,10,3,30,amex,372019970198636
2001316,1000181,3000024,2024-05-07 14:24:58.725175,Tokyo Tidbits,4,3,12,visa,4339816474909408
2001317,1000080,3000023,2024-05-03 10:54:01.885668,Pearly Pies,1,3,3,mastercard,5508356829315540
2001319,1000227,3000038,2024-05-07 10:20:24.265324,Outback Oatmeal,3,3,9,amex,376781765142725
2001321,1000069,3000031,2024-05-01 06:05:36.306540,Tokyo Tidbits,10,3,30,visa,4414519712976779
2001323,1000159,3000042,2024-05-11 18:46:27.161329,Austin Almond Biscotti,3,3,9,mastercard,5591111400252549
2001324,1000150,3000043,2024-05-14 20:04:57.598989,Orchard Oasis,6,3,18,visa,4213513334860266
2001325,1000134,3000045,2024-05-01 16:04:02.316749,Austin Almond Biscotti,2,3,6,visa,4940132881201004
2001326,1000053,3000041,2024-05-15 23:00:06.769624,Austin Almond Biscotti,3,3,9,visa,4982128379911855
2001327,1000117,3000045,2024-05-07 20:45:12.076681,Tokyo Tidbits,8,3,24,mastercard,2717569930307628
2001328,1000221,3000041,2024-05-03 15:56:53.388354,Orchard Oasis,2,3,6,visa,4131430666722379
2001329,1000129,3000026,2024-05-09 18:06:48.949788,Tokyo Tidbits,7,3,21,mastercard,2276075308994248
2001330,1000151,3000030,2024-05-16 13:18:23.653557,Tokyo Tidbits,2,3,6,mastercard,2280671184679863
2001331,1000296,3000036,2024-05-11 00:57:41.194454,Outback Oatmeal,10,3,30,visa,4692051496544329
2001332,1000193,3000033,2024-05-17 01:27:50.369065,Golden Gate Ginger,4,3,12,visa,4327604621942736
2001333,1000271,3000023,2024-05-11 18:11:10.996422,Tokyo Tidbits,7,3,21,mastercard,5354734229889147
2001334,1000122,3000038,2024-05-06 15:31:54.944201,Outback Oatmeal,4,3,12,mastercard,2296950403911766
2001337,1000111,3000025,2024-05-09 06:33:18.725945,Outback Oatmeal,10,3,30,mastercard,2246045660180154
2001338,1000060,3000037,2024-05-09 14:06:27.234102,Golden Gate Ginger,7,3,21,mastercard,2352937020170349
2001339,1000213,3000045,2024-05-04 15:29:57.446086,Austin Almond Biscotti,5,3,15,amex,349625210993873
2001340,1000196,3000041,2024-05-14 02:22:12.897052,Golden Gate Ginger,8,3,24,mastercard,2720806701183811
2001341,1000056,3000026,2024-05-16 03:11:32.759655,Pearly Pies,3,3,9,visa,4074963063337531
2001342,1000241,3000041,2024-05-01 03:39:08.178000,Outback Oatmeal,4,3,12,amex,379274457926800
2001343,1000029,3000017,2024-05-04 18:23:40.165277,Orchard Oasis,7,3,21,amex,348005375320330
2001344,1000276,3000007,2024-05-07 19:39:12.553789,Golden Gate Ginger,10,3,30,mastercard,2707457865696441
2001345,1000101,3000034,2024-05-16 16:44:10.239127,Golden Gate Ginger,2,3,6,mastercard,5582461487432733
2001346,1000040,3000029,2024-05-01 15:42:58.220626,Tokyo Tidbits,8,3,24,amex,342852511693286
2001347,1000208,3000004,2024-05-05 18:22:38.816858,Pearly Pies,8,3,24,mastercard,5298119937443131
2001348,1000256,3000033,2024-05-08 01:43:07.553241,Pearly Pies,7,3,21,visa,4721226896749448
2001349,1000135,3000012,2024-05-07 23:53:47.194550,Golden Gate Ginger,5,3,15,visa,4536690597520132
2001350,1000052,3000026,2024-05-16 04:26:05.613571,Golden Gate Ginger,5,3,15,visa,4043848706206599
2001351,1000279,3000007,2024-05-13 03:24:22.519019,Pearly Pies,2,3,6,amex,340007480537384
2001352,1000272,3000009,2024-05-16 12:33:51.310720,Outback Oatmeal,1,3,3,mastercard,2675310076839730
2001353,1000246,3000024,2024-05-11 17:48:13.649690,Outback Oatmeal,6,3,18,visa,4335346676671014
2001354,1000182,3000007,2024-05-13 11:49:52.512319,Pearly Pies,7,3,21,mastercard,5402650640477282
2001355,1000251,3000016,2024-05-16 05:18:46.929106,Pearly Pies,1,3,3,mastercard,5477378849836948
2001356,1000029,3000035,2024-05-03 07:05:23.926185,Outback Oatmeal,1,3,3,mastercard,5508049562520570
2001357,1000239,3000042,2024-05-12 06:48:08.375866,Austin Almond Biscotti,2,3,6,amex,374852281241846
2001358,1000074,3000013,2024-05-07 01:22:23.442736,Austin Almond Biscotti,6,3,18,amex,341329107903131
2001359,1000066,3000032,2024-05-02 11:17:41.967875,Orchard Oasis,2,3,6,mastercard,5270352517151194
2001360,1000254,3000011,2024-05-10 01:03:08.385582,Tokyo Tidbits,6,3,18,amex,377863936701404
2001361,1000092,3000016,2024-05-03 10:26:00.053489,Outback Oatmeal,1,3,3,mastercard,2303762459340258
2001362,1000210,3000009,2024-05-07 00:06:06.310994,Tokyo Tidbits,3,3,9,amex,375876032172728
2001364,1000139,3000042,2024-05-13 10:13:35.144881,Orchard Oasis,5,3,15,amex,379248180556787
2001365,1000253,3000003,2024-05-01 00:27:10.084824,Orchard Oasis,1,3,3,visa,4109295830992846
2001366,1000286,3000041,2024-05-01 07:55:35.358414,Austin Almond Biscotti,6,3,18,visa,4291145868484810
